#{"t_start": 1768416173.006852, "env_id": "None"}
r,l,t
-265.52582,305,0.666934
-85.87082,78,0.800594
-51.265686,3,0.822914
-75.66957,65,0.938937
-54.360752,9,0.975575
-75.35545,85,1.145964
-60.763176,17,1.194522
-150.56215,117,1.436873
-90.396866,86,1.600466
-75.639694,88,1.754205
-125.45496,140,2.071815
-63.8723,18,2.123478
-82.13753,72,2.814476
0.25977707,72,2.94906
-75.71191,48,3.056275
-52.5,3,3.078843
-66.30585,43,3.172777
-101.246414,57,3.277624
-165.28976,161,3.543294
-73.08707,98,3.712597
-54.32005,5,3.738413
-51.9,3,3.765353
-75.08274,45,3.847481
-166.01477,94,4.036478
-119.80356,88,4.246393
20.668095,58,4.35985
-103.59635,103,4.545749
-135.36691,129,5.262656
-55.940998,17,5.311124
-61.00025,10,5.343222
-111.01875,91,5.496232
-191.97615,249,5.892046
-76.5439,72,6.016979
-55.665047,9,6.05732
-87.22333,59,6.186636
48.276394,8,6.222026
16.36552,45,6.316443
-63.187035,32,6.417726
-59.960026,30,6.50417
-51.318176,3,6.52738
-31.316673,180,6.915262
-51.900654,3,6.940466
-56.67981,34,7.044019
-102.75636,123,7.283379
-76.97947,59,7.895755
-8.57222,82,8.058517
-55.17621,16,8.105508
-73.9187,24,8.162089
-55.060898,6,8.18816
-61.22824,11,8.223421
-92.82876,68,8.357306
-68.8517,34,8.431416
-93.30347,104,8.617383
44.317272,19,8.665985
-61.37676,17,8.729234
-51.42341,3,8.75947
-55.144855,9,8.805215
-117.15178,85,8.969479
-60.744747,29,9.038858
-145.23997,393,9.906798
-58.533787,7,9.938656
-57.300354,12,9.973979
-93.22897,44,10.067943
-162.53743,179,10.867816
-65.54912,23,10.924303
-194.61064,269,11.465315
-102.91499,79,11.756224
-72.091705,47,11.85337
-51.688637,6,11.880176
-318.30734,433,12.620027
-83.84979,60,13.214924
-52.43607,3,13.244531
48.752785,6,13.287332
-78.411575,25,13.366433
-80.57864,65,13.503439
-110.64688,93,13.691551
-69.54186,27,13.77232
-172.91418,215,14.157777
-57.455894,7,14.189222
-36.530243,191,14.515778
-55.97092,16,14.561643
-67.71436,38,14.638413
-54.521053,5,14.664686
-54.511765,6,14.692281
-68.25561,17,14.74683
-57.44323,25,14.827271
-59.997593,36,14.910807
-51.950752,5,14.940903
-54.43309,7,14.976617
-81.094894,32,15.086206
-51.265686,3,15.121243
-52.43607,3,15.148601
-92.10605,48,15.244749
-51.40645,4,15.275631
-89.13754,84,15.444037
-134.65059,371,16.650741
-152.52824,119,16.892512
-56.65096,6,16.934002
-83.74109,61,17.063159
-114.72909,125,17.294909
-62.468872,23,17.356817
-89.11278,60,17.492722
-52.097366,3,17.524466
-111.27867,116,17.769913
-112.607635,82,18.05145
-51.65602,3,18.091507
-57.1414,12,18.141309
-66.88827,58,18.366889
-65.62622,19,18.424407
-180.15805,175,18.750981
-61.413074,15,18.796101
-87.554016,76,18.945554
-51.727337,3,18.969345
-146.26581,193,19.305021
-97.06402,146,19.569828
-84.73311,37,19.653856
-85.26088,78,19.883965
-52.795742,16,19.962309
-61.342133,30,20.059882
-55.866222,10,20.112841
49.4,3,20.147156
-108.87404,118,20.454089
-108.49037,132,21.291763
-87.88939,46,21.397042
29.838547,75,21.539702
-78.34847,28,21.601554
-144.11351,126,21.842556
-61.667183,22,21.894956
-116.47553,127,22.229875
-112.890335,57,22.36957
-66.64077,42,22.528843
-123.28224,307,23.11509
-14.579994,83,23.278186
-57.748314,12,23.321425
-66.43993,22,23.382422
-64.409164,26,23.458934
-77.48834,30,24.031148
-133.95804,93,24.222148
-57.61289,20,24.27846
-100.86178,106,24.489673
-63.518375,13,24.545502
-57.60506,8,24.5923
-309.5768,448,25.841471
-117.27018,98,26.037533
-64.62606,22,26.113411
-87.94754,49,26.224883
41.813156,29,26.299197
-63.02703,14,26.344796
-51.459526,4,26.376517
-62.187386,27,26.438689
-61.886204,20,26.492187
-60.18165,25,26.565534
-69.20116,35,26.651885
-68.63343,23,27.43355
-103.69685,106,27.729621
-51.982185,3,27.765135
-60.901115,9,27.813437
-75.25058,22,27.902366
46.390846,14,27.990984
-51.632397,3,28.04195
-52.43798,5,28.080091
-89.08184,76,28.341075
-55.092934,11,28.405702
-86.09847,49,28.517167
-124.83932,167,28.822162
-52.72439,4,28.855389
-52.261917,3,28.889862
-88.326645,39,28.972883
-53.569153,17,29.028512
-83.40621,53,29.155813
-53.38554,4,29.194457
-152.91121,110,29.442897
-71.07396,22,29.520969
-66.867935,47,29.642426
-70.03047,63,29.781451
-94.895874,55,29.916678
-121.138725,67,30.06258
-83.07373,48,30.191541
-51.713333,3,30.238227
-74.00834,61,31.018349
-78.49554,54,31.204365
-87.87691,65,31.516006
46.763496,22,31.645164
-247.16464,408,32.982556
-54.9998,14,33.065789
-117.02114,138,33.546215
-50.647213,3,33.598475
-77.32429,52,33.782914
44.11307,22,33.898377
-146.41812,144,34.375279
-51.503277,3,34.422742
0.28621674,109,35.271894
-89.19805,92,35.44901
-51.321613,3,35.479703
-61.76648,17,35.534635
25.31383,81,35.707463
-50.665028,5,35.737231
23.084158,47,35.846235
-68.31935,38,35.93721
-56.982597,10,35.978045
36.111057,51,36.122715
7.685623,70,36.320466
-58.36694,7,36.358269
47.661095,10,36.400149
-53.7,5,36.437199
-66.80959,39,36.557856
-106.598465,83,36.745449
-51.2,3,36.773721
-51.248417,3,36.800015
-61.641796,28,36.871045
-107.70059,71,37.056076
46.275127,13,37.104701
-149.86386,166,37.412776
-113.593155,116,38.098716
-52.1,3,38.13093
-67.746475,44,38.237646
-68.09909,22,38.30459
-58.097656,21,38.367538
-10.240627,88,38.585783
-52.34039,5,38.618286
-6.735016,118,38.924116
-52.526337,3,38.960423
-119.94155,105,39.203205
-58.611168,7,39.241065
-52.337837,3,39.271695
-57.179733,17,39.324836
-54.27438,5,39.360205
-156.25496,188,39.719381
-56.807625,10,39.761459
-69.57377,23,39.828355
-51.321613,3,39.856052
-56.165043,25,39.928966
-121.70588,174,40.267651
-89.390755,49,40.370951
-92.50218,73,40.537201
-57.467354,12,40.58747
-51.93844,4,40.615343
-84.97244,60,41.36333
-81.09115,83,41.54836
-74.54573,49,41.676616
49.0,6,41.713804
-52.309525,3,41.741681
8.283447,67,41.882274
-78.691795,26,41.958728
-197.92754,251,42.420189
-57.220406,10,42.462186
-180.86122,251,42.92841
-105.447754,120,43.204017
-53.308655,5,43.23639
-64.89543,16,43.295889
-67.41159,16,43.348025
-70.36026,54,43.519842
-54.949345,5,43.555036
-126.18296,99,44.288494
-113.09456,91,44.482953
49.13497,8,44.517889
-89.60172,67,44.663085
-51.911766,3,44.690805
-62.600346,13,44.73627
-183.93939,395,45.508433
-54.32005,5,45.542063
-81.54851,49,45.674667
-62.6038,20,45.757969
49.9,3,45.796147
-130.86234,169,46.136852
47.688686,14,46.190614
-57.262672,12,46.237091
42.032154,21,46.305125
-273.5537,388,47.633333
-86.45735,104,47.868875
-60.408695,8,47.90676
-56.424404,7,47.946202
-86.84364,53,48.093708
-113.3909,67,48.268758
27.57377,41,48.372938
-97.46312,48,48.497714
-56.256065,7,48.537448
-73.064674,21,48.598301
-77.93257,33,48.689873
-75.64117,33,48.776397
-68.45967,17,48.833862
-52.534588,3,48.863172
-55.734882,22,48.924917
-73.13536,32,49.020088
20.381016,59,49.156657
-55.123455,8,49.200704
-80.15029,54,49.330171
-103.55676,82,49.505339
-107.51254,103,50.30496
-55.427383,8,50.36219
-75.39623,55,49.929873
-72.572624,42,50.044419
-85.18266,55,50.18649
-57.75985,11,50.23439
-55.81779,7,50.274674
-66.763374,22,50.342434
-104.36778,85,50.526745
34.635986,26,50.605227
48.158188,10,50.654167
-60.295998,14,50.717881
-306.4196,330,51.350906
-53.83422,5,51.386602
-52.259125,3,51.419206
-158.6882,196,51.888613
-52.711704,5,51.930873
-83.1905,33,52.036083
-51.18573,3,52.083176
-67.32368,23,52.169446
-59.561142,17,52.739175
-77.96849,78,52.909855
-103.81596,57,53.046296
-31.752792,184,53.400939
-87.66388,60,53.539573
-51.727337,3,53.572289
-102.78287,47,53.690289
-111.535736,117,53.943561
-63.529846,59,54.109022
-68.112305,39,54.211871
-35.12834,185,54.671524
-52.97891,6,54.712393
-78.647804,57,54.963198
-93.85219,68,55.382246
-142.98694,86,56.231648
-57.046074,11,56.283825
-64.562935,18,56.382688
-116.71405,88,56.619593
46.617867,14,56.686504
43.79781,22,56.791928
48.51716,10,56.84777
-51.752632,3,56.879956
-97.02872,138,57.20364
-52.447857,3,57.243102
29.033241,45,57.369412
6.7064857,71,57.546782
-266.42606,273,58.121606
-51.0,3,58.150757
-82.664185,41,58.252976
-91.68125,78,58.428007
-52.036507,6,58.468057
-116.2634,137,58.787111
-66.431335,15,58.849213
-51.318176,3,58.891887
-103.49478,97,59.667126
26.310429,47,59.788767
-54.47692,5,59.825804
-72.96959,43,59.964311
-60.49064,25,60.049466
-51.59193,3,60.08415
-65.81931,42,60.196755
37.25854,42,60.308904
-59.932407,18,60.374917
-66.88635,45,60.493728
-53.2,4,60.530691
10.950455,102,60.756649
21.79739,63,60.893976
-8.693668,89,61.129391
-63.29141,36,61.233201
-251.9618,415,62.664866
45.061302,26,62.742634
-69.24298,19,62.814215
-76.80352,56,62.95747
-74.17187,61,63.115385
-52.172962,3,63.151232
-65.16526,43,63.283
-52.83844,7,63.333213
-55.504707,8,63.392278
-54.075363,8,63.514321
-71.37348,24,63.594041
-10.836227,82,63.868582
-30.514168,122,64.231864
-78.816605,30,64.330186
-55.638023,7,64.37508
-51.2,3,64.411536
-57.699085,14,64.46508
-56.620785,21,64.534317
-89.207596,61,64.690927
-54.609524,5,64.732448
47.107853,15,64.794242
48.869946,9,64.839818
-51.82888,5,64.878215
-153.54056,183,65.275706
-71.186424,30,65.385226
-52.72462,6,65.434632
21.07042,62,65.592567
-83.901,88,66.393196
8.8593445,58,66.55127
-52.546833,6,66.593596
-68.730354,24,66.66882
-78.47069,57,66.810887
42.14213,24,66.890979
-51.713333,3,66.926108
-0.071949005,132,67.222167
48.611366,9,67.26926
-80.54802,81,67.452599
-100.85012,101,67.69332
-69.701416,70,67.874147
22.364662,81,68.146834
-103.73694,85,68.451729
-51.219803,3,68.527635
-57.244343,10,68.604567
-101.708824,48,68.747199
-66.00036,23,68.826032
24.025057,54,68.970047
-77.22921,36,69.072109
-61.54001,33,69.177398
-52.447502,3,69.226348
-125.18597,90,69.898446
-79.91173,49,70.031749
-51.515385,3,70.064638
38.47441,30,70.151953
-326.19794,458,71.175784
-52.895237,4,71.212683
-54.860523,7,71.255207
-81.18008,56,71.397722
-51.849243,3,71.432141
-71.20149,28,71.515057
-55.991875,6,71.552178
32.80885,34,71.646752
-51.81598,3,71.685233
-52.347595,3,71.72402
-58.636814,14,71.781126
-68.64195,31,71.872229
-105.04523,78,72.048569
-212.4877,280,73.162402
24.139532,44,73.300166
-51.2,3,73.34438
26.6799,64,73.508062
-58.50554,10,73.560906
8.881649,58,73.706079
-77.63715,49,73.837866
35.168243,36,73.937533
-57.241425,14,74.003187
39.051723,40,74.115565
48.34235,9,74.162661
-92.828766,79,74.346426
45.470367,21,74.424552
-65.2794,24,74.507509
-53.59921,5,74.545129
-216.59727,264,75.136239
-93.17961,59,75.286151
-55.46532,6,75.332623
-51.946575,3,75.382465
-53.80783,6,75.436839
-66.63175,24,75.525348
-52.534588,3,75.564934
41.154854,42,75.69019
-53.173187,5,75.735095
49.158577,5,75.776775
50.0,2,75.812611
-62.787323,37,75.917398
-56.761127,7,75.96768
-237.9326,453,77.504344
-53.153664,12,77.557837
-75.746,73,77.763348
-52.925377,5,77.802322
-77.24454,40,77.911672
-82.65762,68,78.083961
-53.814453,7,78.128979
-21.416862,114,78.374275
-56.304726,10,78.423466
-51.84126,3,78.457548
28.961649,57,78.596859
-88.78987,91,78.828898
-55.817284,7,78.878556
-74.61203,42,78.997545
-75.1295,56,79.145794
-53.21506,4,79.706985
-122.61704,171,80.130303
-53.3916,5,80.171281
49.034973,6,80.216201
-113.95502,110,80.464705
49.9,3,80.500492
-66.0364,17,80.563611
-73.02558,31,80.665321
31.79374,46,80.792659
-65.486176,25,80.867415
-69.19426,18,80.931667
-87.23137,44,81.055119
37.649536,44,81.165608
42.97104,24,81.244385
-51.9,3,81.281141
-100.11362,83,81.519579
42.447964,20,81.589303
19.824741,45,81.725648
-61.659992,17,81.817169
19.616201,68,82.001433
-59.433105,19,82.072405
47.727867,9,82.123952
-51.54164,3,82.178349
-98.26372,96,82.43755
-56.717304,8,81.789057
18.922926,55,81.927348
-52.534588,3,81.964393
-88.428375,47,82.090131
-72.62753,22,82.654397
-58.7153,10,82.710767
-51.00777,3,82.754331
-80.86143,72,82.935045
-72.57143,23,83.005995
-51.81598,3,83.046325
-73.91228,43,83.162969
42.52514,21,83.23394
-73.80703,52,83.43621
-221.81909,218,83.979964
-61.201202,41,84.096275
-50.647213,3,84.133053
35.515537,35,84.228014
-50.44142,3,84.28795
-89.24483,77,84.584197
-68.600204,27,84.68115
-65.1051,32,84.782152
-66.787506,15,84.848464
-52.110527,3,84.886043
-64.76207,18,85.073902
-128.11456,119,85.491218
40.060448,26,85.607595
-65.55766,19,85.714251
-98.5848,93,85.958982
-55.723816,12,86.046261
41.045883,20,86.151833
-90.78891,53,86.801349
-55.695435,23,86.888341
6.0134697,68,87.053554
32.336838,45,87.174376
41.716366,25,87.261778
-62.06115,30,87.35825
34.80987,41,87.477656
41.279438,23,87.561944
-92.876785,60,87.715873
-51.946575,3,87.754287
-63.810303,17,87.835228
-82.99152,52,88.0043
-103.22944,54,88.142704
-91.729126,71,88.354808
-55.451473,5,88.398143
-51.01231,3,88.438341
-55.540375,8,88.495416
-51.464912,3,88.539567
-52.309525,3,88.581594
-90.45253,45,88.713898
-119.58775,58,88.898247
40.743095,25,88.993295
-100.46962,106,89.248974
-102.83922,83,89.457003
-74.71253,24,89.547731
-56.59454,13,89.612613
-54.860565,7,89.673458
-83.81524,63,89.851987
-57.69535,17,89.920011
-67.6481,41,90.622486
-106.00559,93,90.886192
-80.17137,77,91.067492
29.539392,44,91.205616
43.517868,30,91.300887
-100.15631,64,91.494863
7.916527,89,91.739587
30.72702,47,91.868669
-79.4796,65,92.046636
-65.682076,23,92.125914
3.368679,61,92.28288
-69.051216,21,92.356847
-76.05577,55,92.53898
24.612421,71,92.736203
45.26156,16,92.812194
-61.63486,19,92.913589
-87.67908,74,93.086206
49.3,4,93.126565
-69.426384,28,93.22181
-61.794357,19,93.293831
-58.175922,8,93.345869
-73.40888,23,93.420072
-60.74212,22,93.506536
-65.84807,26,93.592014
-57.729534,9,93.654174
-51.76205,3,93.702672
27.518852,55,94.376204
32.434216,47,94.511549
-119.30255,135,94.875937
-88.92299,45,95.010717
-55.285286,5,95.052863
-56.769077,7,95.120569
-88.54794,36,95.262315
-118.03545,154,95.618622
-62.894035,25,95.720126
35.215015,44,95.859608
-117.53321,96,96.092525
31.270777,51,96.236375
-69.70276,47,96.367799
-2.4950523,85,96.601042
-93.90902,69,96.858281
-58.979706,23,97.026089
-67.51955,42,97.214342
-57.189346,16,97.305282
-51.33137,3,97.365211
-59.755463,21,97.508859
-77.7523,59,98.359736
-134.699,168,98.802716
-53.43798,7,98.871736
-56.860195,9,98.94454
42.83289,21,99.073827
41.858727,19,99.159778
-52.259125,3,99.200661
-84.47563,35,99.336297
-73.66786,35,99.47192
21.175175,83,99.733468
-66.124054,31,99.869372
-51.65602,3,99.918777
-70.81419,40,100.053374
-120.758766,117,100.342294
44.840855,17,100.426435
-59.7872,33,100.540731
16.367458,73,100.757282
-160.84212,228,101.315703
45.16993,26,101.415805
37.5765,27,101.50854
-65.33377,37,102.250145
-52.708305,3,102.306418
42.247536,32,102.427816
-52.48035,3,102.476408
48.161095,14,102.544104
-57.028,7,102.597972
-51.503277,3,102.644233
-50.56503,3,102.687297
-66.4807,19,102.777726
-59.209526,29,102.920861
-58.473473,25,103.031149
43.04161,25,103.1315
43.28781,34,103.271647
-56.941643,6,103.339625
-71.6501,21,103.470164
-82.35554,30,103.576819
-62.52364,21,103.750599
-155.37665,126,104.119638
-86.79855,39,104.260414
-52.6613,3,104.315562
-62.538948,17,104.417238
-59.09082,14,104.508831
49.534973,5,104.562635
37.289867,21,104.65465
-59.019257,13,104.720689
-57.226044,10,104.784846
28.578142,76,105.012642
47.357704,22,105.114943
-52.923244,4,105.164577
-71.19124,33,105.281639
-72.208176,28,105.386248
18.957415,65,105.574061
-51.37097,3,105.618683
19.23159,57,105.795359
-53.457283,6,105.853964
-56.419296,33,105.972386
-51.946575,3,106.018012
-90.367584,50,106.176461
-51.147213,3,106.231924
3.6516304,99,107.152456
-53.08652,6,107.206999
-76.49277,32,107.3237
-65.544205,30,107.428329
20.60851,57,107.656802
-55.443512,6,107.733229
-6.5966263,90,108.022223
-111.55437,96,108.29149
-78.99556,29,108.410462
-54.771404,7,108.473223
-55.242035,8,108.559816
-79.00273,75,108.791762
-70.594025,33,108.901915
-72.57127,24,109.001141
-63.43479,31,109.138696
-77.00296,211,109.656748
-59.39942,8,109.71102
-52.356693,4,109.764325
-97.861404,43,109.920658
-59.576115,15,110.004851
19.874037,51,110.169115
-76.71863,27,110.264256
-172.32492,169,111.473842
-67.923904,25,111.610055
-52.354065,3,111.681306
-104.353775,138,112.04951
-70.72973,37,112.169343
-50.48284,3,112.222196
45.58732,14,112.296356
37.345665,28,112.405938
-58.940414,22,112.500378
-52.347595,3,112.546332
49.158577,5,112.598292
-58.064346,13,112.670152
-53.879967,5,112.728084
-80.161606,32,112.842466
-56.95071,9,112.908552
-53.24506,5,112.964054
-57.072193,14,113.067602
46.567886,10,113.153933
-61.62569,47,113.354525
-52.049007,4,113.422806
30.553812,37,113.570092
-68.36098,39,113.717239
-56.26559,6,113.782166
-156.05447,330,114.554472
-51.64222,3,114.597131
4.9036293,104,114.872636
-55.731766,12,114.935794
-67.47365,30,115.048159
-60.255928,16,116.201324
49.05858,5,116.278168
-63.503395,11,116.356557
-90.52017,99,116.631643
-54.880127,15,116.702393
-3.8666573,112,116.966059
-116.83951,66,117.154846
-71.132576,22,117.243001
-63.867382,28,117.348455
-63.801136,16,117.42525
-100.506676,108,117.709229
-61.840687,13,117.781474
-52.2,4,117.829663
32.082375,59,117.997985
-82.82798,30,118.123586
49.658577,4,118.193678
30.886648,43,118.339647
-66.30911,49,118.522495
-126.71539,82,118.792813
-66.27869,19,118.883024
-53.67742,5,118.934515
38.860744,27,119.036989
-93.568695,59,119.315821
-74.521385,55,119.480267
21.890535,78,119.689574
49.17639,8,119.743262
-55.4717,6,120.286227
-70.9761,19,120.392038
34.618767,34,120.551994
-92.21393,73,120.82149
-76.51773,46,120.97173
38.56033,36,121.093674
43.7091,17,121.190091
-52.8,3,121.245695
-97.54608,41,121.396917
-85.97578,35,121.534308
-114.514244,58,121.850543
-73.26648,43,121.982393
-51.01231,3,122.038218
-52.983093,6,122.225776
-200.20918,237,122.827056
-132.4069,76,123.096112
19.90662,67,123.280994
-51.09443,3,123.331199
-50.92854,3,123.392592
-55.51538,9,123.463889
-52.07931,3,123.519499
34.577797,37,123.64806
40.448147,26,123.753312
-67.71189,18,123.840927
-75.8913,36,123.973541
46.2,10,124.052612
-60.809345,25,124.161829
-53.132015,6,124.226895
-72.85401,44,124.361187
-85.93641,72,125.090977
-84.50876,48,125.251629
-82.28744,66,125.476008
-62.119976,19,125.567346
49.8,5,125.629864
-116.43572,126,125.96246
-77.02999,25,126.066915
-73.408356,37,126.199251
-53.76754,5,126.253917
-94.03664,276,126.93232
-55.318264,6,126.982074
-66.999344,46,127.121273
-95.19919,75,127.423292
-69.79263,26,127.596586
-56.057266,10,127.725952
42.53611,24,127.877206
-107.47448,147,128.275529
47.318745,11,128.344173
-59.853645,12,129.005523
-74.421646,53,129.194917
-66.22212,30,129.303888
-57.793728,21,129.421043
43.031773,27,129.532168
-52.60832,3,129.596187
-56.014473,9,129.675972
-58.534634,21,129.771871
-74.803856,51,129.951644
-118.59451,138,130.325899
-52.2,3,130.376255
-64.50209,16,130.455974
30.266813,39,130.587969
-68.907585,46,130.746969
-56.290268,9,130.806545
-55.40063,5,130.856578
-62.49817,12,130.927864
-112.924385,69,131.128266
-51.330055,7,131.185165
-72.592606,27,131.294054
-150.80815,191,131.765372
-74.25902,60,131.979793
-51.54742,3,132.038565
42.63024,22,132.153395
-54.304474,7,132.23576
-100.28569,98,132.531081
6.116844,83,133.229895
-164.18806,235,133.804542
12.619305,67,134.000741
-56.41231,13,134.07222
-97.07338,71,134.328131
-53.155155,7,134.384192
-76.664856,34,134.522507
-52.6,3,134.591686
-65.616486,16,134.683646
-69.37962,45,134.86206
-51.845375,4,134.911635
20.877272,58,135.08392
-67.8844,60,135.263536
-75.323944,35,135.388495
45.1154,20,135.481723
-51.2,3,135.536439
-52.72982,3,135.586133
-56.969288,18,135.68046
-74.41341,44,135.840415
-63.10926,35,135.964215
-52.447857,3,136.017856
40.157818,32,136.137272
-60.79612,21,136.22362
-55.882927,19,136.317641
-61.30561,32,136.460657
25.788681,63,136.672801
-60.336174,12,136.745096
-107.492584,65,137.512052
-76.5617,28,137.629808
-72.98153,27,137.729819
-62.700768,14,137.809637
-51.81245,3,137.853765
-91.58737,74,138.068959
19.694193,64,138.258325
-71.16896,20,138.359663
-59.169304,23,138.460495
-91.64627,44,138.596223
-97.38794,67,138.824996
-93.81917,55,139.006221
-63.559494,11,139.098081
-77.31801,27,139.225935
-6.4649963,141,139.607949
24.744686,83,139.830274
-56.543404,23,139.929612
-90.62791,35,140.060562
-54.582962,6,140.129627
7.8471146,108,140.425605
-90.06658,85,140.664894
-61.25768,30,140.792449
9.6662445,86,141.642101
-76.95422,44,141.800675
34.121124,44,141.954762
-94.47472,63,142.139894
-59.13456,16,142.214556
-80.87682,49,142.373671
-74.24286,61,142.558562
39.03184,28,142.666641
-160.23871,201,143.184568
-63.805836,18,143.288343
-16.40622,170,143.762085
-52.534588,3,143.818008
-71.79567,45,143.96862
-85.46942,34,144.08564
35.23407,32,144.200264
-93.4946,73,144.428057
-143.6134,263,145.596732
-52.619186,3,145.662728
37.774937,51,146.081059
-55.501144,5,146.198144
-89.447136,64,146.473762
-95.321106,83,146.143022
-72.92024,51,146.308063
-114.87274,156,146.696856
-53.416553,6,146.759074
39.095078,25,146.865034
-89.68254,95,147.147748
47.970516,10,147.229159
-63.30599,31,147.352521
-55.523857,7,147.414719
-53.1939,6,147.478368
-66.30201,32,147.627711
-52.60832,3,147.704631
-72.877075,24,147.816951
-66.31515,23,147.930159
37.897655,27,148.045519
49.3,4,148.11198
-52.794636,3,148.163352
-73.80548,32,148.295396
41.27253,36,148.439896
-163.92395,225,149.688087
-217.9173,283,151.973955
-51.84126,3,152.207847
-52.172962,3,152.433267
-58.978413,12,152.597248
-61.419632,34,152.777022
-53.6,5,152.853915
48.634583,8,152.956253
-74.420906,40,153.169924
-57.36995,8,153.249403
-116.6724,118,153.600408
-41.552795,184,154.075743
-55.16814,11,154.156041
-55.866634,6,154.210412
-99.08321,129,154.589571
-56.21389,18,154.676718
-74.21907,50,155.396017
-61.632305,25,155.502826
-72.08858,31,155.6221
-51.37097,3,155.686842
36.094894,35,155.873409
-76.14673,27,155.990005
45.65856,18,156.079912
36.8067,32,156.200942
-71.324745,33,156.324706
-68.07558,18,156.420658
-75.64008,27,156.527329
-76.42625,23,156.679798
-67.04724,16,156.819798
-100.316345,63,157.050984
21.610796,66,157.282546
-83.38373,66,157.487847
10.958317,58,157.680675
-70.380066,40,157.856484
-68.59629,23,158.004537
-90.04871,48,158.235238
-52.132454,7,158.32989
-53.928238,4,158.430161
-59.909706,20,158.617154
-54.833145,8,158.727648
-73.24791,32,158.974811
47.25714,11,159.119953
-107.031296,47,159.424471
-58.005806,25,159.655686
-78.75258,41,159.878891
-61.125793,15,159.981469
-50.921112,3,160.062047
48.2359,11,160.201331
-82.72539,38,160.436378
-143.34135,189,161.590657
-53.92229,5,161.667372
46.831627,11,161.772248
-9.187862,127,162.152829
47.777786,9,162.217041
-71.89448,32,162.345425
-72.47183,34,162.490371
-78.331635,40,162.635559
-146.00366,262,163.308055
-83.94304,90,163.60158
-75.48753,30,163.729629
-107.87462,105,164.09786
50.0,2,164.151221
-82.1165,29,164.278516
33.389523,36,164.414096
-65.241295,36,164.569311
-16.0792,76,165.297916
-67.722595,18,165.398704
48.30873,12,165.477753
37.79019,23,165.587732
49.8,4,165.648614
-23.62838,143,166.08555
-57.776283,7,166.155043
-55.37523,8,166.227025
-106.339554,91,166.529438
-63.25509,24,166.682972
-70.29738,37,166.848938
-63.365784,26,166.963207
-82.23535,73,167.201963
-52.7712,4,167.256367
-35.642906,175,167.713644
-51.900654,3,167.76768
-106.576355,118,168.113943
-56.581505,6,168.203928
-65.651535,19,168.310332
-51.911766,3,168.372768
-125.2124,176,168.858157
-55.544117,7,168.941988
-50.56503,3,169.003461
41.30771,27,169.639935
-3.3674088,81,169.889484
-68.34395,43,170.042075
-53.246803,4,170.095365
-56.344727,12,170.179295
50.0,1,170.2262
-57.20847,12,170.298545
-52.768826,6,170.367429
-65.88457,39,170.540784
-51.408276,3,170.599345
-69.52885,60,170.80197
-52.1,3,170.875042
-59.877594,16,170.992783
-51.219803,3,171.055133
49.45858,5,171.125904
-93.92915,56,171.319231
48.211365,13,171.40002
-58.60657,15,171.502306
-60.12886,19,171.603811
-88.06653,40,171.77369
-68.40175,17,171.867565
-55.1,5,171.937537
-92.84299,221,172.541355
-122.96641,109,172.893442
28.850245,39,173.018725
-110.56596,79,173.299196
-59.718185,11,173.38379
28.003038,40,173.54424
-5.1310425,75,174.249681
18.382998,62,174.456759
-123.21416,95,174.743251
-101.76514,49,174.94054
-50.623608,3,175.029536
-86.88524,67,175.289314
-65.41752,38,175.473732
-64.23302,20,175.810834
-18.844948,107,176.315311
-56.655327,9,176.399781
-52.508698,3,176.456527
-55.665306,245,177.16432
-69.0778,48,177.369548
-61.56977,23,177.549662
-51.64222,3,177.62022
-62.7687,13,177.721174
-19.020058,127,178.087829
-74.05104,42,177.870484
-52.72982,3,177.937447
19.57813,66,178.641695
21.967682,56,178.850271
-54.073242,166,179.309162
-107.785545,38,179.475904
22.2322,66,179.709296
-80.20479,36,179.903018
43.730225,18,180.006351
38.111546,26,180.161937
-69.92198,32,180.318166
-58.47291,23,180.425808
-85.234184,60,180.640612
-53.77556,4,180.701817
-50.56503,3,180.758048
-113.40083,134,181.145248
-59.498505,23,181.259416
-127.117584,317,182.106582
19.17881,48,182.841648
-74.936005,27,182.97421
-14.684822,154,183.4015
-60.27504,20,183.50527
-66.51749,29,183.624287
-6.3560486,114,183.968327
42.43426,17,184.081502
34.907486,52,184.292636
-75.11849,35,184.433266
48.917156,8,184.512333
46.830456,13,184.601302
-58.350372,11,184.687359
-57.371243,15,184.800224
-7.5530167,123,185.193481
-92.72511,65,185.433247
-82.605804,50,185.612023
-87.54564,36,185.754975
48.534973,8,185.832096
-52.1434,3,185.897895
-51.030056,5,185.958997
-75.75029,44,186.138739
-61.484226,9,186.244633
39.940655,28,186.488585
-58.43536,11,186.609846
45.310787,14,186.721853
35.082317,32,186.862946
-63.890526,41,187.061515
-51.8,3,187.143898
-72.80079,52,187.814642
-68.212875,19,187.948174
-55.1,5,188.021091
-111.08738,138,188.494192
-64.90324,33,188.629833
-61.426006,12,188.739947
43.82413,16,188.851886
-99.85269,103,189.19105
45.404915,22,189.335897
21.530016,66,189.623297
-84.81172,43,189.781795
-100.13728,108,190.145566
-9.634224,90,190.450326
-124.6452,137,190.874089
35.01422,31,191.049959
-51.744766,4,191.123916
-51.00777,3,191.199251
-52.259125,3,191.261109
-55.0065,235,192.507991
37.391327,32,192.64599
-57.77447,16,192.771491
-100.68473,103,193.079715
-51.3,3,193.140432
-70.160095,46,193.37179
-103.68129,61,193.600584
-52.53701,4,193.659114
-52.172962,3,193.717767
-52.616608,3,193.781958
48.5,9,193.863672
48.811363,6,193.927575
-69.54951,25,194.079941
-10.881691,92,194.389597
43.167496,20,194.501334
-52.097366,3,194.565821
-65.375984,15,194.670357
-52.309525,3,194.735826
-90.30583,70,194.960321
-95.562706,52,195.154451
21.039696,72,195.399231
-76.046265,52,195.595173
-56.635822,10,195.707147
-61.920265,18,195.81981
-58.918224,17,195.939374
41.76469,28,196.090769
-54.235138,9,196.17021
-88.84335,51,196.405419
-63.87883,21,196.524468
-944.2915,1476,201.486081
-71.69004,44,201.646023
49.75858,4,201.716853
-59.92505,12,201.804927
-56.787567,7,201.87533
-53.044426,5,201.937135
50.0,2,201.9976
-54.14371,6,202.066272
-97.37982,59,202.266096
-77.1944,65,202.483056
38.31359,36,202.657309
3.3939133,98,202.961215
-55.344963,5,203.028681
-51.318176,3,203.088219
-100.01184,72,203.380744
-76.05499,55,203.651914
-52.540733,4,203.741652
-54.267395,12,203.855409
-54.711185,5,203.944315
38.441246,26,204.138536
-56.504707,8,204.239623
50.0,2,204.308437
-69.43379,45,204.484893
11.885757,47,204.675578
-80.597015,42,204.867956
-70.58264,24,205.573003
-51.64222,3,205.642532
44.837605,21,205.871126
-55.01029,6,206.042034
-55.36187,25,206.369598
-58.67474,8,206.520114
-54.926453,10,206.617223
-64.58848,24,206.7855
-52.720108,5,206.854392
41.894173,23,206.978384
-53.33289,4,207.049855
-52.577106,3,207.133651
-74.29152,69,207.388636
-52.172962,3,207.447198
24.866354,39,207.597963
26.624798,36,207.75952
-109.11386,111,208.106791
-61.022606,11,208.19198
-105.51788,104,208.513961
-60.600388,18,208.609775
-68.590744,35,208.75885
-57.585285,8,208.830962
-53.363865,4,208.900647
33.587204,26,209.018866
-72.92742,25,209.134495
37.16388,48,209.370563
-87.99911,77,209.648047
-85.287315,58,209.851178
-52.30552,14,209.971704
-154.03693,177,209.968769
-73.270134,257,211.264979
-54.32005,5,211.337881
-61.22786,22,211.460496
46.695137,15,211.577822
50.0,1,211.686601
-71.92434,25,211.845244
33.92685,53,212.062335
-98.14443,143,212.520477
-80.19651,49,212.694904
-63.83859,14,212.793989
-54.085667,5,212.874927
-99.479675,221,213.577221
-52.708305,3,213.645866
-60.99106,12,213.740224
-63.99588,31,213.878454
-51.723156,3,213.952571
41.297867,24,214.088181
-174.37332,228,215.273297
-105.9005,55,215.475485
-55.17962,6,215.553016
48.8,5,215.649204
-52.14164,5,215.730968
-77.0583,72,215.989898
-73.78297,42,216.171619
-52.794636,3,216.248813
-70.17914,39,216.443583
-73.476776,55,216.664714
-52.5,3,216.747473
-53.503307,5,216.835454
-127.59154,73,217.12766
-171.75256,447,218.375976
-127.63351,103,218.748927
-22.809036,130,219.71802
-54.51098,7,219.806977
41.426987,29,219.948643
-77.48799,37,220.124707
-52.633106,3,220.194397
-52.980644,4,220.279939
-64.13855,31,220.443984
-54.71691,138,220.876549
-59.362087,27,221.049187
48.528522,13,221.154775
-3.0888138,169,221.654258
-60.351254,9,221.74448
20.874708,42,221.905703
-97.04384,73,222.15871
-95.22331,58,222.381358
-97.581696,54,222.59362
-75.37959,22,222.718177
-55.8499,10,222.817363
-59.350113,18,222.926728
-50.921112,3,222.99108
-51.12221,3,223.065742
-51.37097,3,223.135684
42.545925,25,223.281531
3.06118,86,223.585311
16.91021,62,223.831942
-72.30784,55,224.539883
36.85768,38,224.715003
6.2380676,65,224.980935
-72.56977,33,225.153205
-63.16314,21,225.273598
-83.549255,45,225.442549
-66.776474,21,225.572567
-59.732063,30,225.740596
-103.99443,123,226.112013
-51.614212,3,226.184602
-80.55888,62,226.409256
-12.257767,152,226.88884
-71.08596,38,227.058726
48.650154,8,227.15842
-64.77277,20,227.302124
-123.14119,96,227.607192
7.711151,107,228.025083
22.49212,57,228.238327
-77.62658,39,228.402596
-76.68355,25,228.536139
-53.48492,12,229.127905
49.052788,7,229.216822
36.167408,37,229.383802
-7.80822,122,229.78203
-51.283096,3,229.85837
42.20743,27,229.990303
-59.861847,15,230.108286
-52.689598,5,230.208055
-53.838478,5,230.293369
-14.701202,148,230.760194
42.670654,28,230.898621
26.701975,47,231.092287
-64.29002,20,231.212862
15.1608925,83,231.500081
-123.95551,186,232.092114
-104.65095,110,232.47581
23.431986,60,232.710633
-70.98993,47,232.90122
-65.63109,15,233.000252
-66.5531,36,233.207139
-57.677124,214,234.33138
48.5871,9,234.428731
-71.17415,46,234.614339
35.509983,30,234.773416
32.78247,45,234.974399
-78.92023,36,235.141287
50.0,1,235.211062
-96.58046,84,235.497504
-61.053467,13,235.592057
-119.14225,127,236.399992
41.872105,27,236.655321
-56.472553,8,236.81245
41.460876,24,237.042747
-67.14748,20,237.344067
-58.630127,7,237.540481
-64.79062,26,237.766204
-73.17173,32,237.91982
-51.147213,3,237.998365
-54.772423,5,238.144575
-14.538429,129,238.609459
49.111366,6,238.736081
-77.393364,26,238.897631
-57.527004,13,239.0105
34.286884,34,239.178025
-62.589546,10,239.277132
39.765305,29,239.46467
-51.84126,3,239.556138
44.186104,20,239.69579
-56.706226,8,239.788827
-69.2157,23,240.404307
-57.724693,7,240.488707
-73.638885,37,240.659015
-52.337837,3,240.724875
-57.54848,16,240.834183
-107.92264,133,241.259795
-56.901142,6,241.35341
-51.248417,3,241.432331
-52.365685,5,241.506078
45.35534,13,241.617477
-62.937668,13,241.755674
-52.354065,3,241.833275
-60.207943,14,241.428237
-68.735405,24,241.553196
38.361824,25,241.692784
-86.90695,42,241.888729
-57.32392,7,241.967396
38.723675,26,242.098376
-51.267006,5,242.178253
-52.733562,5,242.269059
-68.655815,35,242.433985
49.9,3,242.508175
-86.59004,41,242.676831
-52.25832,4,242.772311
-100.02086,111,243.147586
-57.28885,15,243.252659
-20.873947,91,243.608708
-81.90193,76,243.897458
-52.995205,5,243.980859
-67.44167,23,244.114836
-154.44725,351,245.707844
-53.42808,6,245.82178
-59.044476,8,245.911897
-51.971836,5,245.996399
-78.35578,61,246.254261
-76.19614,88,246.538322
-68.208084,22,246.657388
-96.53649,96,246.999447
-51.09443,3,247.071625
28.404669,33,247.234017
-77.20069,33,247.408835
-69.00525,51,247.632195
-103.66666,82,247.91712
-69.30487,36,248.114734
-120.09622,95,248.433808
-55.313824,5,248.517277
-85.45657,250,249.513952
-65.85467,15,250.294901
32.441162,34,250.475112
37.711914,31,250.621313
-51.283096,3,250.698231
49.51716,6,250.785502
-78.45047,50,250.992621
-22.73011,192,251.619758
39.71519,34,251.789261
-79.29168,32,251.942865
-54.42056,5,252.040652
-68.91739,37,252.226862
-51.464912,3,252.300374
-50.8434,3,252.380147
-52.890453,6,252.462389
44.188995,22,252.601658
-51.503277,3,252.689733
49.175735,8,252.790082
-85.411026,46,252.998806
-52.002197,5,253.093695
24.76069,42,253.275901
-69.91705,42,253.454611
-62.566708,36,253.615264
-64.29,25,253.744333
-52.1,3,253.827532
-52.637367,5,253.982637
-64.85557,32,254.187664
-63.22316,27,254.378665
-52.003082,3,254.464017
6.573303,116,254.879235
-66.32448,24,255.030707
-95.87048,124,255.43254
-59.24832,10,255.537146
-105.93479,41,256.203435
27.87256,47,256.405655
40.910942,29,256.557572
35.68204,33,256.797654
-52.337837,3,256.892998
-57.50832,7,256.998268
-60.55907,14,257.123485
22.968796,71,257.417192
36.109295,23,257.556044
-114.260216,62,257.785589
-50.92854,3,257.858629
-54.891903,12,257.962013
-119.82369,134,258.389034
29.031847,48,258.591883
-77.6786,40,258.757589
29.163103,52,259.000997
48.3,5,259.081032
21.254889,67,259.336565
-76.00532,27,259.525007
-201.7603,548,261.569442
-51.866707,152,262.078825
-72.140945,22,262.214542
17.848534,89,262.533632
29.368,55,262.734531
40.66639,23,262.856495
44.14863,17,262.977906
-96.07698,97,263.295837
43.459423,26,263.451424
-59.03033,10,263.577259
-61.602406,36,263.762187
36.94748,27,263.913205
10.076664,86,264.261976
-60.621826,12,264.360612
9.505161,83,264.653419
-75.85738,38,264.830855
-52.321064,3,264.91834
39.025524,27,265.654844
36.813663,39,266.078432
44.16027,28,266.342907
-53.72545,9,266.449367
46.14424,18,266.580914
-51.515385,3,266.667005
7.5663643,70,266.938397
9.458324,51,267.148972
-84.40033,155,267.688377
-51.318176,3,267.776445
-52.447857,3,267.850341
-50.8434,3,267.932815
-97.904495,52,268.145673
-87.15497,55,268.398731
-2.530571,114,268.841093
-83.055084,40,269.025104
-51.849243,3,269.106806
22.464,52,269.32405
-81.70335,49,269.534669
-69.91699,20,269.657686
-58.03443,10,269.76013
-79.125656,35,269.935273
19.188145,79,270.257307
-110.09786,91,270.633354
-52.070637,3,270.721711
45.106045,18,270.867273
-57.79294,29,271.547511
-63.794178,20,271.67366
24.931093,59,271.911202
-51.503277,3,271.996119
-65.92712,23,272.140798
-91.01416,47,272.327392
-62.97545,18,272.447912
-54.702908,8,272.541398
-90.85325,119,272.95724
-52.358322,5,273.065278
-76.7144,23,273.232429
-52.110527,3,273.314112
-51.09443,3,273.402071
-62.727272,22,273.533915
6.104759,60,273.828199
-104.96925,94,273.73593
-52.172962,3,273.818112
-12.481285,100,274.183917
13.17474,71,274.614259
-69.97749,60,275.245022
38.72291,31,275.558758
31.816021,51,275.852988
-33.011818,188,277.160804
43.06525,29,277.34277
42.379673,18,277.458904
44.011513,18,277.623454
-72.58516,33,277.803531
-51.248417,3,277.891837
-53.73693,6,277.985717
-54.01915,6,278.100836
-52.9012,5,278.191381
-65.95404,23,278.333386
25.127602,55,278.576365
-52.3939,6,278.65781
-56.84418,9,278.763535
-100.11587,72,279.035421
-82.67751,41,279.232764
-59.649303,27,279.41006
-141.83109,152,279.942738
-53.42564,6,280.040405
-106.15857,108,280.412605
-51.515385,3,280.498483
-60.802563,12,280.60438
-50.92854,3,280.700938
-92.067825,49,281.044528
-16.681671,169,281.587171
49.9,3,281.694601
-99.711876,119,282.453618
-52.8,3,282.537586
-4.5379257,99,283.413322
3.3685608,137,283.902419
19.300592,58,284.196469
-59.97312,18,284.334758
-65.79257,13,284.472618
-55.84527,9,284.581917
-52.309525,3,284.671353
-53.91388,5,285.68247
-52.941345,4,285.806305
33.657772,35,286.041756
16.180931,74,286.588782
-51.2,3,286.756777
-57.461937,11,286.951051
-77.66982,53,287.300124
-228.28976,431,289.334288
40.158676,37,289.566607
39.70276,24,289.745802
-53.93058,6,289.857752
-53.71877,6,289.968656
-56.814156,14,290.117958
30.59488,49,291.104147
43.149426,25,291.414472
-87.73421,41,291.739774
-51.321613,3,291.881533
-68.18263,20,292.084638
-9.599533,111,292.559834
48.8,4,292.647211
-52.259125,3,292.742412
-65.21424,41,292.957059
-78.45624,39,293.150424
-70.619995,22,293.307297
23.980507,52,293.560403
-51.209904,3,293.646396
-61.022934,16,293.774369
-68.27976,40,294.000605
-60.10994,17,294.134219
-93.553276,71,294.439751
32.29727,46,294.68065
-59.045776,8,294.796246
47.504917,13,294.915046
-52.45821,3,295.005715
-51.147213,3,295.095366
49.15213,8,295.198327
-61.68546,15,295.322526
-60.649445,20,295.46501
-117.4843,131,296.352459
49.117157,5,296.457319
36.55905,42,296.672806
-56.73923,8,296.762377
-60.76887,32,296.932101
-51.321613,3,297.017737
-52.471684,4,297.101776
47.677322,11,297.209182
-70.09967,20,297.344675
40.85356,28,297.528037
-79.27982,57,297.765783
-76.81573,29,297.922732
50.0,2,297.998145
-75.86639,54,298.813163
22.73797,35,298.977457
-109.42413,152,299.532676
-71.41094,28,299.682816
31.284817,47,299.88787
-57.975872,20,300.010899
-89.330246,54,300.260571
-51.713333,3,300.342902
44.502987,16,300.490765
-78.85603,34,300.684929
18.591326,84,301.02331
-60.803246,11,301.133653
-74.59904,42,301.332009
4.9643974,91,301.679002
-51.2,3,301.75882
-51.321613,3,301.841291
-87.77176,103,302.194141
43.202698,24,302.349738
-46.900467,192,303.036932
-80.47744,41,303.764588
47.211365,14,303.885619
-52.121956,3,303.970422
-52.07931,3,304.099892
-79.364365,36,304.343757
-70.724686,18,304.482628
47.939888,10,304.616578
-71.69833,32,304.842702
-69.72146,17,305.010817
-72.410675,32,305.224133
-58.80545,16,305.350144
37.226376,25,305.559447
-53.82991,6,305.6546
31.193539,40,305.847437
-59.1388,25,305.510538
46.750595,19,305.640709
23.893297,48,305.846263
-82.96484,86,306.155747
-52.121956,3,306.244424
-113.41084,175,306.830822
37.79396,32,307.034958
-14.152252,147,307.551704
21.991913,49,307.79014
-75.5843,49,308.01433
-53.751724,6,308.113415
-52.63538,3,308.204099
28.778086,45,308.407123
-59.313812,8,308.508055
-61.497124,14,308.623839
-51.453915,3,308.714493
-67.60938,42,308.912497
44.557983,15,309.574133
-53.762047,11,309.696235
-60.46958,25,309.854733
-50.832455,3,309.937944
-50.9,3,310.045441
-72.66146,40,310.244612
-58.41101,26,310.421487
-87.96477,49,310.643085
36.64117,29,310.809664
-54.381664,5,310.90319
12.063087,98,311.249908
-93.96961,55,311.516896
-51.2,3,311.611854
-84.94564,72,311.924413
-64.4099,31,312.103472
-51.408276,3,312.186754
-80.42587,230,312.931213
-65.23675,25,313.11367
-50.921112,3,313.208381
-55.78699,9,313.313849
46.419315,14,313.443811
-102.08067,137,313.926255
-52.347595,3,314.011057
32.48589,38,314.235333
-51.465027,9,314.347867
-58.847637,31,314.515539
35.34774,40,314.714243
-54.29596,12,314.823348
-50.921112,3,314.91309
17.46558,64,315.683611
-76.454796,41,315.908465
-63.001827,16,316.047406
-60.573593,11,316.195477
-71.87143,27,316.359152
-52.571682,5,316.476069
-80.010056,52,316.73612
-52.309525,3,316.830218
-67.34308,35,317.016722
37.287777,33,317.211896
27.333347,47,317.419656
43.58065,19,317.544613
-52.097366,3,317.636983
42.728798,18,317.770803
-62.180027,11,317.880697
-102.51533,90,318.217136
-51.416553,3,318.305622
-53.629704,13,318.45822
-64.15153,17,318.648461
45.3871,16,318.806765
-51.849243,3,318.897774
48.65213,6,319.001027
-51.713333,3,319.085075
-62.79434,15,319.199761
-96.32681,48,319.42021
43.649918,27,319.587965
-51.920464,3,319.672847
0.42537308,83,320.002079
10.7574005,72,320.285034
18.262156,78,320.588159
-62.21465,11,320.71043
17.818657,48,320.938833
-51.0,3,321.050501
-94.94223,44,321.271552
-105.26762,59,321.5391
-52.34039,5,321.631274
9.218784,83,322.450748
-56.18319,15,322.577362
-52.337837,3,322.664526
16.743084,60,322.920059
-73.39992,25,323.103808
7.1886024,69,323.421518
-51.277035,3,323.516825
-63.301212,34,323.70403
-74.77611,59,324.008235
49.75858,4,324.114452
42.557358,17,324.252816
49.317158,8,324.352833
48.7,5,324.450067
-52.309525,3,324.540801
44.714893,20,324.705204
-60.69844,9,324.817008
2.4448051,102,325.202021
-63.567726,37,325.422714
18.081488,77,326.010306
-52.43607,3,326.182418
-171.37953,205,326.893996
-51.688133,3,326.989077
-72.31163,33,327.169204
-56.18952,6,327.272807
-58.63951,20,327.424423
-63.104027,14,327.550991
37.557007,49,327.80677
-73.58446,43,328.01852
30.645842,49,328.75981
-56.849243,6,328.862655
-89.15053,98,329.258114
-62.228123,17,329.398093
37.209206,40,329.630191
-74.224884,35,329.830844
49.534973,5,329.945907
10.787659,60,330.217917
41.079365,27,330.395862
-53.52799,5,330.505521
39.317627,26,330.672351
22.506302,64,330.948179
-183.99586,310,331.949128
-52.510647,3,332.058345
-53.90477,8,332.25826
-71.94742,36,332.566411
-69.9545,29,332.881272
-67.62324,44,333.218114
-70.4792,26,333.450225
35.486176,35,333.735012
-59.180264,11,333.91046
31.58589,46,334.210457
39.798187,31,334.427135
-104.22322,85,335.582266
-68.07802,35,335.812477
-58.38316,18,335.981962
-58.998962,9,336.109153
-137.3962,144,336.739697
29.696024,32,336.99553
44.324493,20,337.201955
-94.58977,81,337.595323
29.437313,37,337.312793
-68.96867,25,337.505427
40.90603,37,337.755386
37.871155,25,337.946825
-60.160744,21,338.125421
36.511593,44,338.377811
-85.710754,75,338.736146
-77.7475,55,339.009082
9.645607,55,339.309433
-76.81539,53,339.559673
-62.275753,26,339.74
-63.632572,18,339.917028
42.23664,31,340.100687
-108.097404,46,340.326875
-55.25256,5,340.433289
-75.37906,21,340.591863
-69.83886,33,340.802132
-93.6165,95,341.728232
-111.05516,132,342.196565
-88.5661,49,342.4188
46.48776,13,342.545782
9.859619,54,342.807051
-52.003082,3,343.005837
49.29355,8,343.173426
-60.941525,9,343.296284
-9.245911,141,343.814912
-79.18575,35,344.014583
-67.20316,19,344.16831
-52.60832,3,344.263406
-72.838425,40,344.472218
-59.911076,16,344.615036
32.60576,54,344.879608
-4.129444,173,345.52267
-51.561424,3,345.62652
-93.35385,42,345.830396
48.411366,10,345.94242
-77.576454,34,346.166486
49.0,4,346.265294
-129.6799,119,347.215878
-82.85042,42,347.427056
-50.6,3,347.523475
49.7,4,347.622476
-28.28711,169,348.298979
-65.71501,27,348.493187
26.513903,64,348.782362
-52.780293,5,348.886994
-66.68239,19,349.046155
40.771248,28,349.245494
-67.64955,16,349.391848
26.247156,44,349.612441
46.608513,12,349.731283
-52.07931,3,349.832178
1.894352,88,350.219652
-80.07802,53,350.45509
-75.05386,76,350.846119
-85.348526,64,351.118224
48.0,11,351.246225
15.872551,93,351.583047
-6.2199097,64,351.854817
-52.447857,3,351.953592
-57.131443,9,352.068092
-68.313965,26,352.250696
-61.297096,29,352.441282
-59.63664,20,352.602629
27.419048,56,353.443009
-75.234344,36,353.640455
46.767654,12,353.759332
-78.230705,28,353.982104
-70.103714,27,354.180517
-66.657684,34,354.420446
-59.413467,20,354.651339
-67.62105,33,354.942786
-20.47931,163,356.229688
-58.582203,11,356.47456
-66.861664,34,356.716441
-107.02752,56,357.122093
15.019409,68,357.543926
50.0,2,357.688476
35.832653,45,358.012155
10.278816,65,358.409996
26.793116,50,358.690982
48.43004,9,358.831249
-68.91287,18,359.026397
8.965214,90,359.461108
-52.484146,6,359.574647
-53.71524,6,359.68442
41.201015,28,359.870816
-58.355568,10,360.035596
-78.9071,34,360.262438
-59.999573,17,360.437869
-41.001442,189,361.671546
-70.048195,47,361.970815
-10.24667,141,362.592033
35.25911,37,362.789387
33.456787,28,362.979228
-11.080643,67,363.285011
45.93195,13,363.447895
45.321903,21,363.653164
-77.7976,33,363.94797
39.190212,31,364.257794
-74.66148,62,364.675683
-84.58143,85,365.045482
-60.820423,9,365.161314
27.541224,46,365.399747
-52.384205,3,365.501685
-66.88995,37,365.714024
-79.72063,47,365.982167
-95.50077,59,366.278723
-61.90392,12,366.457193
33.866837,36,366.663938
49.2,4,366.767396
28.674587,50,367.09927
36.188385,27,367.329268
13.867573,87,368.254398
41.816803,29,368.456796
-89.74394,40,368.70837
-293.18945,529,370.169193
33.886208,42,370.414816
-89.72563,44,370.673987
37.711243,26,370.84373
22.174688,68,371.181929
-64.05866,33,371.367802
-63.561295,24,371.548517
-55.874947,20,371.712363
33.515556,47,371.958798
-76.56547,44,372.217575
-70.29576,44,373.016815
38.450783,23,373.190611
-97.00311,85,373.580603
-100.345856,90,373.968344
43.579647,19,374.140323
-100.862305,59,374.437019
49.317158,7,374.548936
45.077915,21,374.706493
-28.494919,137,375.308748
-56.234924,11,375.449582
-71.59271,31,375.683769
-51.560467,3,375.792185
31.153013,66,376.214894
-70.73787,37,376.447546
-78.617966,85,376.879422
-82.31842,68,377.216686
-156.22183,211,378.126884
16.755741,47,378.386309
-82.84943,76,379.299551
-18.749138,161,379.98476
-51.836506,7,380.111363
-52.309525,3,380.264035
-68.53062,29,380.48638
-62.878445,18,380.653336
-53.1721,6,380.78578
37.572716,28,380.973506
-74.67012,45,381.211013
-12.9921875,123,381.701477
-89.46391,75,382.07883
-83.71485,38,382.443105
-80.30746,36,382.678432
41.526176,27,382.896265
-66.27441,21,383.082556
38.87247,36,383.323152
36.35367,28,383.523945
49.5,2,383.632785
18.012636,80,384.024271
-68.71403,38,384.227715
-61.249516,16,384.40317
-145.83948,229,386.131904
-101.597534,71,386.507903
37.717392,41,386.829306
9.50312,46,387.158228
-66.09166,26,387.404984
-104.99242,50,387.72091
-163.27301,268,388.893816
-33.799713,174,389.783481
-60.24649,16,389.955947
-63.004944,19,390.142014
-60.706207,13,390.31969
-120.06764,130,390.920885
-71.15615,30,391.186806
-52.802193,9,391.509448
-156.93152,226,393.777727
-67.45765,23,394.013078
47.81388,12,394.237461
31.027529,44,394.552758
-58.45529,13,394.721143
-51.059525,3,394.842684
34.03103,38,395.094478
-55.2,5,395.224423
-52.003082,3,395.344306
-36.810715,163,396.029067
39.401012,35,396.28584
49.7,4,396.448043
-36.79055,132,397.166639
49.9,3,397.311083
-53.30417,13,397.505266
-65.51408,42,397.781407
46.335026,18,397.970725
34.406807,23,398.180582
-52.620712,3,398.30626
26.424263,58,398.668819
10.878216,69,399.111748
-62.68773,19,399.33883
-59.96474,17,399.533256
-54.877018,8,399.717616
-75.30821,26,399.975784
-1.7679863,90,401.298597
39.966152,28,401.65723
22.32498,59,401.590439
41.5652,22,401.868535
37.170387,42,402.209729
-113.83058,45,402.448616
-103.50113,98,402.961983
0.61800003,105,403.542267
-79.068344,32,403.771572
-69.52668,25,403.963935
-64.152504,26,404.17696
-69.42004,30,404.401995
-70.82086,20,404.60237
32.768135,46,404.913938
31.138002,44,405.2406
-89.640854,50,405.613362
-63.39973,31,405.86812
50.0,2,405.995377
-59.161606,8,406.170734
-50.9,3,406.309246
-54.6965,9,406.507518
-55.116695,5,406.669903
-83.979965,27,406.876562
46.546432,12,407.043155
-58.362347,8,407.194455
34.77955,57,407.585662
32.697098,51,407.954267
-58.19648,13,408.161568
-56.227818,12,408.339754
49.6,5,408.479624
-55.071953,6,408.615576
49.23497,7,408.764185
-51.950752,5,408.906953
40.06895,29,409.126136
-121.93503,134,410.984285
18.819847,58,411.366138
-64.046906,31,411.591387
-63.249195,17,411.754178
-51.209904,3,411.871632
-63.750496,24,412.072334
12.871235,95,412.607195
-52.92044,4,412.734737
-55.00511,5,412.862789
44.210606,20,413.036747
42.67704,22,413.274869
-74.77488,34,413.614627
-52.76057,7,413.765255
18.646534,51,414.049973
30.693352,55,414.436169
-59.420616,13,414.639825
-52.347595,3,414.780847
23.443302,51,415.13699
47.769943,10,415.303246
37.01344,35,415.517624
-62.164272,21,415.73836
-73.2192,34,415.986082
-100.55207,60,416.308609
-68.31761,21,416.494614
14.333363,74,416.845249
-104.023155,94,417.33398
-54.556984,5,417.464169
-65.09274,18,417.621044
-58.000336,15,417.776427
47.20744,11,417.922266
46.356907,13,418.088917
-73.997314,44,418.803842
-63.468094,22,418.962496
33.403374,35,419.206531
-60.158672,23,419.409671
-3.3452797,139,420.000721
37.204887,27,420.177476
-64.02681,16,420.333507
42.279488,22,420.500758
43.751842,22,420.675156
41.058983,23,420.8396
-51.1,3,420.944578
-109.28079,77,421.299212
-57.390404,15,421.463938
-50.8434,3,421.587972
23.892395,74,421.949165
-80.35107,29,422.130994
-65.99073,40,422.351165
14.8316,68,422.670516
39.144585,36,422.914981
-53.07404,5,423.058035
-76.34746,55,423.391029
-68.24367,15,423.545537
-60.49668,13,423.681926
-91.81856,69,424.014034
-51.321613,3,424.150546
-70.182686,42,424.39475
-84.18183,39,424.629307
-90.999725,90,425.006214
-93.34989,85,425.842062
20.138346,57,426.136643
-61.77346,20,426.311128
-78.30086,46,426.584035
35.952736,37,426.79859
-66.70695,21,426.969578
-75.22574,24,427.184082
-69.1542,26,427.365565
-66.14643,223,428.138754
-96.27229,102,428.596834
-52.180157,5,428.736259
10.868088,77,429.064203
-99.3736,87,429.420946
-66.10066,21,429.580776
31.80012,30,429.789287
-69.95113,19,429.971702
19.27332,48,430.216301
-112.118965,93,430.666175
-59.05037,15,431.312495
41.00987,27,431.499899
47.257046,14,431.647104
4.0619354,63,431.953534
-90.44356,42,432.164106
-71.90191,51,432.506153
49.9,3,432.628991
-84.96121,81,433.574145
-228.37119,326,434.255617
-23.459137,121,434.784715
-65.01318,16,434.936618
44.84596,24,435.143876
-143.29988,126,435.652098
30.50343,54,435.973054
16.333172,70,436.242413
-4.479561,85,437.125259
-67.19011,29,437.355519
34.117958,45,437.607373
-85.111275,38,437.838132
47.233437,18,438.004848
-62.56243,20,438.173229
-56.98238,12,438.31171
-85.3584,350,439.618921
-73.81897,53,439.951596
46.277897,14,440.172356
7.6142616,100,440.655606
-108.36034,64,440.950539
-60.554604,28,441.13298
-60.87362,17,441.28861
-87.77479,35,441.5174
40.219727,24,441.695633
-53.9191,7,441.827004
-52.447857,3,441.960478
-85.63658,37,442.180612
31.362047,36,442.39725
-65.25669,13,442.546086
48.576393,7,443.168271
-60.508347,20,443.341797
-52.347595,3,443.449114
49.43497,5,443.56165
29.28977,69,443.894586
-67.17385,20,444.067762
30.665724,38,444.328359
-69.81777,56,444.604645
-68.667595,18,444.76368
-68.81676,57,445.065454
-52.121956,3,445.178836
-54.773937,5,445.295174
-66.650536,18,445.453952
-53.18876,5,445.586083
44.556923,16,445.759075
16.334572,72,446.069808
27.439844,64,446.414745
-64.38333,17,446.600104
-126.82511,186,447.358932
-63.339706,11,447.496514
-59.706726,19,447.655048
-161.12729,158,448.29157
-56.52367,10,448.466896
30.684944,67,448.84373
39.750168,24,449.03412
-92.16916,123,449.97223
45.53843,14,450.140151
39.39801,44,450.413358
-79.62961,46,450.649087
-110.741486,76,451.077838
-57.84858,12,451.235357
-60.15779,9,451.377512
-51.561424,3,451.48575
-87.56999,77,451.862229
37.10948,31,452.077113
-56.320717,6,452.203868
47.3871,13,452.344992
25.119202,66,452.660509
-83.35474,47,452.956608
-202.67415,322,454.723279
-52.80169,263,456.448029
45.259003,15,456.645027
-92.670334,81,457.05974
-14.351852,129,457.631141
32.24082,43,457.907615
-57.78159,30,458.142598
42.8163,24,458.3498
-146.85223,230,459.176985
39.440445,30,459.397131
-59.442596,14,459.558434
-90.85513,36,459.797963
-26.046265,171,460.493164
-20.06987,106,460.970596
18.688438,79,461.813704
-70.96602,39,462.107541
39.173836,29,462.356463
-59.28806,17,462.535896
-92.29613,33,462.749142
-52.633106,3,462.892636
-88.00267,320,464.084077
-75.61931,280,465.290636
-59.013683,9,465.429508
47.122074,17,465.583708
32.18625,36,465.327017
-125.32479,68,465.636036
-72.58507,28,465.832462
