#{"t_start": 1768471655.7888613, "env_id": "None"}
r,l,t
-201.36517,347,0.993155
-70.60586,42,1.087376
-106.312485,98,1.28836
-179.19876,201,1.665866
-63.732475,21,1.718843
25.071815,72,1.874517
-175.07182,228,2.321879
-58.535843,10,2.360542
-95.41457,126,2.61817
-182.39047,346,3.280415
-86.38469,74,3.462925
-87.06698,74,3.619037
-75.58411,34,3.701229
-54.00294,4,3.730354
-115.27471,100,3.951704
-55.1,5,3.985662
-92.34621,82,4.173909
-47.871216,138,4.47103
-101.0692,57,5.488967
-120.81482,185,5.861307
-55.937634,6,5.893749
-51.9,3,5.924715
-81.99392,32,6.008405
-274.2157,594,7.168597
-31.379936,207,7.580714
-154.15637,264,8.087781
-101.92903,97,8.285843
-203.35391,318,8.946139
-55.828823,15,8.996934
-94.2744,58,9.151357
-566.75806,1319,12.968423
-59.99568,13,13.024244
-67.914345,37,13.116254
-109.225624,76,13.287335
-83.51398,87,13.486688
-95.35652,133,13.769023
-97.38469,101,13.986672
1.9004364,145,14.273209
33.391495,44,14.370915
-111.28844,84,14.553821
-52.172962,3,14.587661
-53.879967,5,14.627199
-70.60788,59,14.802078
-79.2427,63,15.001383
-123.18492,142,16.404505
-78.68386,53,16.526577
-58.543888,21,16.586919
-151.95789,235,17.062109
-130.85135,80,17.234034
-147.24796,174,17.707589
-150.49611,196,18.178637
-63.58944,35,18.270391
-220.3819,339,18.954022
-99.96917,185,19.387928
-53.097057,6,19.424387
-61.756958,17,19.487991
-58.76244,16,19.540427
-83.72507,43,19.654185
38.369404,33,19.781016
-34.4004,188,20.194691
-110.24219,53,20.35676
-83.57544,50,20.476103
-65.82869,22,20.545139
-95.90561,99,20.795279
-93.246185,52,20.956532
-419.04333,570,23.284639
-69.75353,44,23.406646
-442.53473,1019,25.52871
-323.86713,475,26.518684
-174.0383,271,28.087252
-97.26799,77,28.298488
-54.662003,5,28.330232
-159.18118,276,28.972921
-54.23338,5,29.015881
28.87125,41,29.144153
-189.16835,208,29.621164
-88.113144,46,29.73629
-163.76297,258,30.2565
-120.26904,82,30.441496
-84.97972,314,31.064094
-71.58087,54,31.240172
-67.14606,38,31.336916
-117.18921,183,31.741476
-219.32451,374,33.407958
-93.65401,39,33.502696
-56.264435,23,33.568102
25.934874,107,33.806166
-79.98259,89,34.044805
-70.49718,54,34.181637
-94.16246,79,34.409477
-90.38234,60,34.5418
-76.95271,24,34.608967
-123.06186,93,34.808339
28.637566,78,35.000026
-91.1127,45,35.105985
-237.96465,360,35.832402
-38.664986,194,36.278696
-140.46231,93,36.517027
-65.68481,23,36.593851
-51.503277,3,36.625643
-118.410835,98,36.839413
-81.13024,66,36.989367
-121.32652,118,37.265066
-50.48284,3,37.296123
-121.369125,128,37.573031
-203.02115,599,39.783851
-66.14491,32,39.876167
-90.854065,102,40.107875
-124.86439,172,40.497299
-153.89056,155,41.096632
-11.549351,127,41.432697
-298.31628,413,42.386986
14.283287,100,42.622791
-126.659424,164,43.003778
28.000614,81,43.252553
-65.45961,44,43.367554
-187.8721,238,44.819097
48.5,5,44.853268
41.132572,19,44.913126
-91.767044,61,45.080423
49.0,4,45.114667
16.071812,91,45.329212
15.809826,87,45.556816
24.687313,51,45.684129
6.0054398,134,45.981764
-118.58448,99,46.212946
-84.14859,82,46.411266
-22.820183,227,46.909665
34.310738,32,47.002608
27.054756,47,47.125689
-74.308,49,47.259579
-66.08198,283,47.886402
-175.07939,131,48.187205
-81.48143,52,48.341641
-182.83041,236,48.844867
-69.12387,62,49.00271
35.87558,27,49.084628
-88.83507,55,49.22997
-53.688652,14,49.286736
2.4547043,102,49.517912
-63.49302,16,49.575231
-72.58055,25,49.678277
-58.23434,22,49.803256
-68.51534,26,49.88466
-98.351074,57,50.931786
-70.617615,35,51.038248
-86.16717,89,51.242808
-128.75392,392,52.147657
-72.84764,40,52.286052
-77.00657,46,52.441629
-90.739944,69,52.627313
43.817463,23,52.695926
-66.49739,17,52.759108
-53.219265,5,52.79485
-107.77734,137,53.100351
-259.3567,271,53.692411
-90.862625,32,53.782305
-85.676956,54,53.916532
40.230732,36,54.020334
-92.27308,48,54.143592
-254.93445,848,57.334936
-73.3477,46,57.483221
-68.23519,23,57.557307
-114.56065,98,57.838834
-98.00418,88,58.135924
-81.69235,39,58.237545
-62.724148,13,58.293084
-156.31323,189,58.728879
17.504128,62,58.907408
-138.0793,152,59.298862
-120.365036,111,59.57245
-131.07404,121,59.889199
-80.1956,28,59.986618
23.339087,73,60.153218
-70.97905,39,60.261229
-51.416553,3,60.291417
-71.4702,18,60.358496
35.27213,31,60.445488
-153.55252,284,61.058606
-69.87687,36,61.171362
-96.87933,64,61.368491
-73.36059,31,61.498749
-59.751957,30,61.617991
-61.924545,24,61.695969
-63.072487,22,61.775225
-210.94295,360,63.632809
-126.828354,171,64.075415
-147.53813,251,64.66932
-79.387,63,64.822037
-66.8568,42,64.930344
-54.990364,8,64.984476
36.30768,48,65.125973
-153.00005,251,65.652125
-51.36619,3,65.681366
-58.48836,14,65.735154
-153.48499,221,66.223267
-99.14026,142,66.549977
-35.870186,219,67.068491
45.4,11,67.113705
-28.213531,168,67.468891
-377.34332,1076,77.084603
-9.423447,93,77.286207
-145.14899,144,77.589583
-103.39079,126,77.841646
7.732609,68,77.984707
-165.38885,301,78.454749
-173.60861,187,78.783695
-125.611946,179,79.067215
-60.498547,17,79.115143
40.230595,31,79.184237
-88.321625,68,79.300096
26.695097,53,79.394962
-62.170784,280,80.701066
-105.23625,117,80.950667
-62.24436,14,80.992695
-79.34816,60,81.102058
-71.34461,41,81.186213
-64.07805,48,81.275416
-68.56727,22,81.331578
41.653168,23,81.392352
30.099895,63,81.517272
-55.134644,5,81.558822
-73.09109,32,81.636774
-52.88328,3,81.661938
-111.63518,56,81.765396
25.860233,62,81.878636
20.560596,46,81.965677
-157.10425,169,82.242584
-69.13355,26,82.300876
-74.61223,51,82.405325
-60.835155,28,82.465369
-52.19574,7,82.494103
-74.09484,69,82.616609
-62.52072,26,82.680631
-193.77379,326,83.217171
2.9232445,105,83.397177
-120.09252,170,83.750129
-16.894081,125,83.979549
-99.40808,90,84.130096
-100.96358,63,85.115046
-62.768982,35,85.254087
-86.018814,36,85.371745
41.348343,22,85.435843
-73.98004,24,85.501326
-87.29942,83,85.688171
-51.453915,3,85.715364
31.607653,40,85.822064
-51.09443,3,85.851011
-1.954155,124,86.083423
-92.16281,47,86.180194
-52.347595,3,86.206145
18.648247,105,86.407412
-55.114155,5,86.438944
-52.619186,3,86.465091
28.95378,41,86.55244
39.468674,36,86.638367
-70.47609,30,86.709858
-51.911766,3,86.737896
-66.1229,18,86.789069
49.5,2,86.815248
-63.719498,17,86.864182
-24.564697,143,87.148833
21.462847,59,87.266983
48.89355,6,87.299162
35.482628,40,87.38334
39.459667,43,87.483757
-89.88762,87,87.685727
15.819637,98,87.897906
48.5871,14,87.947758
-64.77004,41,88.044747
-134.6933,122,88.314148
-23.07331,160,88.628395
-95.85681,80,88.779342
-61.016724,16,88.824559
-87.36058,70,88.965043
-91.00008,44,89.070218
-54.163353,5,89.109939
-5.979458,87,89.320487
-103.90765,73,89.494116
-103.86763,101,89.69236
31.452337,35,89.777028
-52.534588,3,89.812855
49.276394,5,89.852844
-51.87902,3,89.891362
-89.487305,331,91.491589
-68.77966,35,91.598574
-70.102905,30,91.676372
-102.24982,125,91.943599
49.4,3,91.981012
-56.225506,12,92.055464
18.177034,80,92.249641
-74.95465,44,92.370823
38.765358,36,92.47736
-64.06986,18,92.545125
35.87586,38,92.64228
-92.17056,82,92.831895
-66.98183,37,92.925136
24.497723,43,93.033251
-139.74652,188,93.408702
-54.783825,8,93.456898
-62.613747,24,93.524667
-93.690155,83,93.694941
-53.2106,4,93.725498
21.323301,65,93.852017
-53.5188,229,94.363818
-64.8979,18,94.431513
-53.18652,6,94.469652
-65.85578,20,94.540479
-51.0,3,94.580471
38.574726,31,94.675399
-111.428535,93,94.891244
-33.356308,213,95.277922
33.563873,34,95.357956
-56.639988,9,95.397959
9.813305,69,95.545865
26.929136,55,96.900081
50.0,1,96.929593
6.576885,124,97.202609
29.725296,54,97.367208
-52.360126,4,97.406281
-37.086952,255,98.01943
41.483253,33,98.114118
-73.67823,34,98.214737
-69.85654,61,98.457208
-97.44884,76,98.795111
-63.434353,16,98.856762
-68.09912,42,98.970851
-50.48284,3,99.006749
48.51716,5,99.056092
-65.50845,20,99.125899
-99.89462,172,99.480723
-81.256256,51,99.637044
-70.532104,24,99.715878
26.780836,46,99.839984
-51.36619,3,99.887256
-62.22548,23,99.990857
-61.084805,20,100.056464
-138.87738,228,100.586106
-51.01224,5,100.624728
12.569923,79,100.801697
-52.534588,3,100.828525
-51.416553,3,100.859773
-53.766045,231,101.259567
-55.886635,281,101.746769
-52.288063,3,101.777867
24.401577,44,101.86617
-51.048527,3,101.894389
-63.54548,19,101.9524
-58.132713,18,102.006224
42.62033,27,102.078595
-62.661922,19,102.12837
-73.39947,69,103.158259
-52.2,3,103.187136
-134.00108,176,103.550882
-53.942314,16,103.600229
-99.32328,71,103.734999
-54.571835,12,103.7778
-39.42022,271,104.228793
-34.449326,244,104.656579
-56.110832,6,104.68808
-72.64044,31,104.758353
48.669945,8,104.796427
-80.781555,68,104.924717
26.312775,52,105.031025
40.41217,40,105.123037
-54.592293,6,105.156848
-57.48375,13,105.266958
-62.64331,14,105.313319
-54.982883,5,105.349933
-73.86122,47,105.533066
-131.63792,179,106.025789
38.29024,26,106.103667
30.042715,45,106.206228
-30.982666,207,106.589115
-71.131035,42,106.679374
-65.76127,38,106.770421
21.692955,68,106.906818
29.072714,75,107.056044
-63.276527,36,107.13745
-74.28221,71,107.278971
-56.27967,8,107.317441
-126.05579,211,108.648428
-54.236862,16,108.69822
32.80117,64,108.825824
-100.37683,128,109.055925
16.024643,74,109.215238
-99.384575,94,109.405111
29.056274,61,109.541695
-89.54277,120,109.763914
33.50919,40,109.851999
-90.444305,95,110.034846
8.00436,108,110.235888
34.19914,70,110.398299
46.4,11,110.443002
-55.855705,326,111.00027
39.275127,39,111.092971
29.778017,66,111.232576
-81.303276,72,111.37117
-53.89116,13,111.418686
-67.85268,24,111.482963
23.404966,54,111.622708
9.515736,84,111.786924
-85.83491,86,111.962065
2.8716087,99,112.185022
36.884148,42,112.304488
14.576256,86,112.648466
-60.499493,9,112.696317
-37.543602,265,114.273321
-58.308044,14,114.325726
42.39433,22,114.401573
43.681004,19,114.475899
-74.617195,49,114.59307
-85.17188,45,114.71662
-84.347694,68,114.899306
17.552586,81,115.100127
-62.214054,19,115.157959
-74.86569,25,115.231542
16.931923,95,115.433248
-51.908802,3,115.466264
20.858288,87,115.675151
31.162127,56,115.840041
29.080172,57,115.972362
-72.4848,41,116.069724
-22.782005,202,116.443637
-52.508698,3,116.476686
-90.85159,59,116.634511
16.48962,87,116.821856
36.72698,35,116.908043
30.23849,30,117.013953
-55.466843,7,117.065516
-71.78523,52,117.185185
-91.047066,76,117.343671
45.35782,15,117.395093
-50.647213,3,117.429034
-90.94713,68,117.583119
3.5883102,132,117.839055
-91.724434,62,117.964827
-57.27324,9,118.010706
-84.32012,64,118.166869
-54.56597,7,118.211227
-73.335785,27,118.291179
-51.946575,3,118.324193
-51.36619,3,118.367382
-73.23575,56,118.543122
14.968628,61,118.77056
48.604916,10,118.846763
-124.37843,191,120.676697
50.0,2,120.750981
44.671585,26,120.998524
-56.342766,288,121.859966
-62.174187,12,121.924198
22.362099,77,122.239306
-60.030815,353,122.982962
18.475224,76,123.163728
-153.3359,204,123.760037
-97.74843,74,124.002631
3.6258774,99,124.200176
-57.52696,12,124.256492
-95.45723,60,124.419759
-66.015724,26,124.546215
-124.553635,169,125.081395
24.84589,78,125.351525
33.752415,55,125.561435
-73.58029,29,125.684565
41.31691,18,125.837492
40.998325,28,125.975417
-100.456375,110,126.315764
-15.847115,154,126.724192
-51.702137,3,126.761619
34.72187,48,127.866327
-96.65201,141,128.159822
49.17639,7,128.205821
-91.36342,65,128.428549
-69.4777,21,128.512733
50.0,2,128.56786
-117.05239,107,128.86681
-62.48433,13,128.92798
10.572475,93,129.147853
43.500828,26,129.241393
24.291874,85,129.448803
-61.38267,18,129.516268
-0.37487793,139,129.90895
31.142908,68,130.091537
-2.3195038,116,130.345435
-69.07892,28,130.431354
21.522154,81,130.657135
28.448658,49,130.804956
-81.95595,98,131.056943
-133.16881,401,132.07939
-14.738319,142,132.563362
-60.011467,16,132.660553
-57.836185,14,132.741053
-66.6814,16,132.846843
21.27097,43,133.03441
-63.661747,14,133.10668
19.29049,48,133.264359
24.729607,90,133.517587
-81.48003,342,135.571834
-16.042793,121,135.903102
-119.687996,78,136.111772
-120.42982,180,136.50658
34.24794,52,136.654147
15.2609215,104,136.859846
29.385351,47,136.95938
-65.18428,51,137.077835
-99.07744,137,137.351493
-56.87171,28,137.444298
-50.947872,5,137.501441
16.963684,69,137.659652
-75.6026,39,137.752711
-62.51664,25,137.825879
-65.32079,26,137.902928
-81.70353,35,137.98614
-62.43209,14,138.039126
-61.220947,24,138.106803
-70.80178,72,138.281652
-86.736755,48,138.388867
-108.131485,93,138.583676
-125.30598,164,138.939689
39.190933,25,139.034178
-62.463905,21,139.120392
-75.514244,74,139.318687
-51.632397,3,139.360575
-72.36702,48,139.486753
-53.395138,5,139.529814
49.5,3,139.571086
35.913082,44,139.720905
-51.0,3,139.752769
-75.184296,57,139.880606
30.151442,50,139.99956
-14.0714035,149,141.278036
-98.27678,93,141.498771
-60.57557,15,141.572279
-68.364334,49,141.692815
17.885715,53,141.811246
-69.11943,45,141.960114
-68.56813,30,142.041356
-51.464912,3,142.079408
24.86579,44,142.202151
29.734753,45,142.356652
-89.64558,46,142.507781
-66.674,45,142.655388
18.12027,73,142.842897
15.127579,92,143.055263
28.009026,58,143.214584
39.26327,26,143.299444
-54.766285,6,143.351188
-24.575386,166,143.712258
-129.61298,194,144.287504
40.05491,31,144.383584
-80.120224,73,144.608374
-54.306755,15,144.685562
15.702969,74,144.881057
49.55858,8,144.94312
-67.37359,22,145.035085
-71.22858,36,145.155779
-21.551636,162,145.616866
-230.75763,605,148.559534
35.05011,41,148.733588
2.2228394,112,149.123481
-158.9711,181,149.62986
-69.70592,45,149.79956
39.907593,37,149.926984
8.090668,99,150.199801
-59.29902,12,150.262219
-57.190018,253,150.856333
-393.01572,951,152.61266
-52.36822,5,152.653226
-51.277035,3,152.686941
-52.209976,3,152.725432
-61.682964,15,152.783502
26.169605,40,152.876422
-73.65292,38,152.974386
9.472549,64,154.514758
15.643208,55,154.643938
-92.10983,84,154.834169
26.38848,68,154.987687
-78.14337,32,155.071738
0.5463104,114,155.309902
-232.62756,456,156.183508
-185.8615,314,156.800056
18.500618,38,156.89684
-64.41912,37,156.991691
-96.02587,87,157.17862
34.315094,34,157.288077
48.110706,16,157.346323
35.000973,40,157.449004
-19.305237,179,157.816029
19.486706,54,157.940994
-80.08682,55,158.074387
-31.963531,167,158.393265
50.0,2,158.43274
-51.921326,227,159.723778
39.68811,28,159.818851
-72.619896,52,159.962077
48.39355,10,160.021007
30.863293,42,160.136035
-55.936356,11,160.188413
-7.1953163,95,160.405342
-55.440598,221,160.84973
-7.541565,144,161.13149
-76.66329,61,161.285745
-100.379486,73,161.444134
-177.85812,293,161.983514
47.204914,11,162.033629
24.698013,76,162.221994
-51.635117,3,162.260216
37.96787,32,162.34813
-65.55329,32,162.430485
-99.090546,140,162.723565
25.23521,67,162.874686
-110.11044,64,163.026748
11.782391,92,163.224937
39.988087,27,163.308791
30.54308,57,163.436109
-88.090485,77,163.623654
-72.8792,29,163.710931
27.833937,67,163.867485
19.620941,57,164.000267
-56.77602,38,164.099663
-1.3248405,117,165.23888
-81.13049,41,165.362675
-61.29271,269,165.883161
22.677004,34,165.973723
-111.48832,163,166.313618
-13.339085,128,166.57853
-56.85255,23,166.677055
46.929043,12,166.749673
-53.99553,4,166.793936
-58.505356,9,166.843276
-65.74769,24,166.914541
40.651497,22,166.989394
-69.85931,37,167.081586
-135.75803,206,167.477567
-79.49619,31,167.566849
32.16899,44,167.682375
31.042692,34,167.784667
32.784866,65,167.941161
34.67617,43,168.047792
-64.85319,22,168.120064
-96.36476,89,168.316926
-62.91188,36,168.415548
29.047674,68,168.576549
18.926363,92,168.797017
-71.71612,28,168.916051
3.5341263,88,169.165589
1.1989212,114,169.449504
-59.61833,22,169.534773
-93.06213,110,169.805751
-13.6847,95,170.036101
48.2,14,170.092683
3.7268906,92,171.12184
-78.76682,48,171.267605
-60.2601,19,171.340668
-15.595535,143,171.649507
43.50186,26,171.737454
-58.953125,11,171.790001
11.277382,81,171.967062
-87.858864,76,172.131694
-62.364517,20,172.203816
-67.08725,55,172.388208
-31.687347,228,172.860289
-69.22974,18,172.940484
-52.049007,4,172.993923
-103.65153,133,173.349676
17.486916,72,173.572031
-88.381096,75,173.784434
-113.30119,68,173.940984
47.346336,14,173.996896
-62.71556,22,174.070217
-57.719597,285,174.632568
-34.364677,200,175.032228
4.914013,98,175.227833
-52.72439,4,175.268188
-94.21277,127,175.562734
-83.6958,34,175.678293
41.79936,22,175.751297
-64.768166,21,175.83132
-0.98233795,91,176.039344
24.033867,55,177.082974
-27.615952,224,177.546074
50.0,2,177.579567
-82.87411,74,177.74583
24.186144,68,177.928147
35.94266,27,178.010673
-87.62906,36,178.121047
49.01716,5,178.175967
-66.44149,24,178.274953
-62.81113,18,178.341883
-70.11077,27,178.457198
-51.76205,3,178.505017
-51.515385,3,178.545789
30.456852,46,178.69336
-71.391594,55,178.888979
31.786861,42,179.016582
-61.849342,35,179.126424
-105.02792,93,179.367543
-13.369049,194,179.819614
14.224148,88,180.039941
48.36994,9,180.128058
-232.85367,454,181.098541
26.29794,76,181.330669
-99.640686,124,181.628878
-56.206226,12,181.689089
25.482372,47,181.850713
50.0,2,181.900457
7.107094,64,182.063656
25.241018,77,182.23879
-76.85455,65,182.427212
22.828447,70,183.51805
-73.513794,31,183.625377
32.48223,30,183.723601
24.04829,50,183.883394
12.969009,60,184.070437
19.92443,72,184.282654
-80.17204,36,184.420097
-86.81717,81,184.700435
43.600964,19,184.7793
-42.683914,167,185.203067
48.528522,9,185.262232
-82.45776,80,185.496953
41.627953,37,185.617501
-70.78165,24,185.739758
26.22792,43,185.884367
-190.41876,279,186.45317
32.259407,47,186.571645
-101.09744,98,186.83353
6.3416634,109,187.106659
33.298904,51,187.256541
47.82273,11,187.323525
13.943787,94,187.581295
29.185453,37,187.695248
29.106981,60,187.844734
-58.41831,26,187.9277
19.027163,67,188.11682
44.938667,14,188.202294
38.17704,39,188.343269
-52.8,3,188.3849
-104.77974,69,188.550613
-79.2545,31,188.649829
-56.60711,8,188.91119
-105.5087,108,189.316102
-111.93034,94,189.730999
-89.66937,77,191.193646
-94.58075,275,191.817743
-61.50708,13,191.895485
48.334316,7,192.102317
26.893337,49,192.257194
-68.78489,44,192.389498
-59.17416,14,192.460971
-19.914833,123,192.769193
26.32431,41,192.925277
27.873667,70,193.145269
-20.87104,129,193.510169
-52.180157,5,193.595774
-50.647213,3,193.669546
-73.15363,45,193.820063
-90.58716,64,193.997707
32.266357,49,194.136523
49.5,7,194.190507
-113.219925,166,194.556686
-109.586174,101,194.810602
-82.05715,65,194.984637
43.358578,18,195.056131
-74.077515,65,195.244346
-96.29709,62,195.409147
-92.93403,94,195.65961
-61.087345,16,195.729999
1.7607231,83,195.985435
-52.07931,3,196.028208
-59.40245,277,196.684088
35.803818,26,196.777067
-62.54879,19,196.85356
-69.44615,29,196.945052
-83.97449,298,198.549714
36.734917,32,198.663698
-130.29019,201,199.111509
-148.00266,186,199.53456
-8.054306,183,199.989857
45.23594,14,200.071199
-65.996,32,200.204509
24.574965,77,200.484736
19.019257,40,200.632207
-58.326454,12,200.864668
-50.921112,3,200.980562
28.461666,70,201.273908
14.791264,104,201.713703
-75.089584,42,201.912488
25.768768,72,202.223063
-125.79751,191,203.135472
-60.52794,25,203.285539
29.034021,47,203.454555
-12.821575,102,203.811738
-68.8219,27,203.961813
-134.37802,173,204.701189
-91.16208,82,205.182491
-69.52721,23,205.305579
-55.10009,11,205.38607
-56.29384,17,205.49352
-62.62423,17,206.809386
13.763412,116,207.095932
-58.693478,13,207.172755
32.87721,37,207.323082
-62.522877,18,207.413167
40.79755,39,207.546081
34.391083,32,207.648628
-210.34001,393,208.686641
-75.77048,58,208.875676
-209.96082,251,209.558163
-92.44539,73,209.805486
-65.6325,13,209.884947
-66.07738,21,209.986169
22.029163,79,210.314316
-54.086353,18,210.479786
28.149012,56,210.83721
27.26327,67,211.127711
-96.266495,88,211.587028
-123.762276,188,212.267668
-55.892242,12,212.373697
-76.33779,27,212.530854
28.956945,61,212.813622
-66.99689,22,212.917329
48.17639,9,212.995186
24.34376,43,213.156199
2.5839043,128,213.65473
-65.89656,49,213.941784
36.70562,46,214.144755
34.205143,55,214.348854
46.56824,14,214.438193
-55.263447,8,214.499734
-101.69536,127,216.56117
19.448864,52,216.76432
-69.256676,34,216.883315
20.862337,61,217.05144
-65.8499,22,217.136182
-78.93121,64,217.299553
8.443771,81,217.517109
6.780449,79,217.890622
22.299326,78,218.113247
-161.6478,293,218.805988
-120.14253,191,219.253498
-65.972755,42,219.377465
-73.05213,24,219.4653
-34.78788,152,219.808927
28.39927,50,219.946058
34.00722,41,220.08795
16.555206,107,220.397642
-92.51444,45,220.552804
7.4354706,112,220.835213
-72.84077,65,221.079035
-90.99986,111,221.398982
42.076927,33,221.511615
-20.373772,194,222.836176
-51.464912,3,222.879708
-59.68796,22,222.982266
43.309643,24,223.075425
-282.70142,338,223.893241
-61.587612,26,223.993866
-0.7978668,152,224.347668
-92.453156,46,224.510403
-72.37029,58,224.684559
-102.80833,128,224.988813
-51.946575,3,225.035782
22.236248,47,225.17834
23.738613,46,225.303765
22.153301,57,225.483977
-60.07572,26,225.591069
15.218403,98,225.844056
12.100208,111,226.185314
-65.20983,12,226.253371
30.936146,39,226.377332
-17.878716,124,226.747034
-26.707153,186,227.171906
-127.37029,191,227.605868
42.62166,22,227.713649
19.18265,84,227.96928
-83.12691,45,228.102288
37.32839,48,228.258364
-21.16983,109,228.533396
42.480125,21,229.482818
43.28688,22,229.582611
33.24231,28,229.685471
-12.688171,149,230.165796
-80.649765,88,230.451466
-68.12644,22,230.55238
-92.20663,76,230.859755
13.411232,101,231.141201
-58.464863,19,231.228132
49.5,2,231.273765
-52.88328,3,231.318208
-99.63132,90,231.552825
36.27495,42,231.7075
-82.01151,72,231.904044
23.04882,53,232.051744
-55.694984,276,232.682536
-52.172962,3,232.738211
37.3041,48,232.893827
23.176264,76,233.079558
-57.276733,259,233.680938
46.949352,11,233.746699
-139.77481,272,234.37168
22.379187,65,234.579732
-152.19577,453,236.566108
-91.88405,332,237.411792
-107.340546,147,237.754012
-108.582596,416,238.706622
-91.185646,88,238.955947
-66.22411,42,239.106285
-70.40963,57,239.344573
-95.24034,77,239.660595
-87.139206,106,240.003765
44.588047,15,240.090525
-5.3669205,142,240.540258
24.276798,63,240.731782
31.629805,40,240.855051
33.531357,38,241.002233
-78.55372,80,241.27536
-62.148674,11,241.352679
-62.307594,12,241.429178
-85.49312,40,241.620572
23.683552,52,241.817004
23.24954,55,241.981114
37.291676,43,243.022925
-142.62987,167,243.453788
39.476738,20,243.571929
-155.54007,207,244.041808
4.633644,63,244.221511
-96.98044,94,244.46993
49.376392,6,244.528339
-193.44215,276,245.155928
43.12551,21,245.244187
42.21792,20,245.332922
-13.178551,143,245.700709
47.61148,11,245.778209
-14.420303,152,246.221754
46.43904,13,246.299005
4.8742294,51,246.463245
40.36444,23,246.557057
-60.288006,22,246.662204
48.11628,13,246.755617
-79.073975,64,246.938213
-14.5168915,213,247.577029
38.72111,33,247.719774
45.310925,12,247.793158
43.504707,27,247.932183
46.45922,15,248.038158
-92.58475,96,248.377956
-52.5,3,248.448621
-73.70617,37,248.618929
47.477962,12,248.694775
40.233795,43,248.84177
-59.274124,12,248.921834
-144.35455,240,250.564683
50.0,2,250.654338
-78.08984,26,250.832606
31.736563,34,251.044844
-69.3397,41,251.268147
39.26455,20,251.38942
-64.86886,303,252.291677
47.930107,10,252.369262
37.409042,38,252.564127
40.765556,39,252.712546
30.51461,44,252.863479
-86.65762,59,253.161115
25.949953,76,253.492507
37.00343,44,253.707212
-78.46574,66,253.901503
-56.186146,21,253.992374
-63.83146,34,254.115315
-97.66307,113,254.477045
16.942272,89,254.765959
-113.58679,140,255.17111
-52.037827,3,255.227613
-84.965935,67,255.468405
-1.5943489,125,255.959489
-114.17821,159,256.454895
32.98616,30,256.607492
43.260387,26,256.747055
-51.908802,3,256.82184
16.630863,83,257.134315
11.112301,105,257.480601
-114.98148,94,257.781639
-35.489204,201,261.580242
24.482506,59,262.106953
-68.19725,64,262.460192
-120.13565,148,262.987056
-119.65022,120,263.462933
-75.14969,44,263.698101
44.88573,18,263.881974
45.860165,14,264.018696
34.266182,38,264.303277
28.759392,30,264.500984
-87.98212,71,264.957622
-53.804985,13,265.128998
-50.56503,3,265.26663
-65.46024,24,265.496274
43.70902,23,265.70255
-30.751991,200,266.525015
-70.56036,37,266.721741
17.24982,72,267.093536
-1.1570435,75,267.438969
34.684807,29,267.619538
-81.90404,67,267.952615
-158.63892,155,268.501081
49.75858,4,268.575177
23.373053,46,268.827864
36.509712,29,269.010654
-62.916046,26,269.176155
30.287052,28,269.354425
32.613056,32,269.560804
-58.40496,17,269.688488
-64.97193,25,269.841639
-65.349525,43,270.044494
33.121853,39,270.233952
45.422287,13,270.347623
25.017378,54,270.588695
4.86248,94,270.927735
33.032814,58,271.165425
-68.87083,28,271.30897
26.727615,65,271.598774
26.269144,67,273.30666
41.940247,27,273.481956
-55.880783,14,273.605945
27.803596,55,273.820522
7.9112473,70,274.07199
-133.4595,212,274.721636
-52.63538,3,274.775414
40.142685,29,274.887795
-79.09526,78,275.109119
29.057703,38,275.247607
-110.28462,215,275.933509
4.7206078,108,276.290135
-74.87964,46,276.470025
-69.8419,50,276.666745
-71.11024,81,276.913342
-91.39043,67,277.11301
34.682743,45,277.26767
-66.12413,39,277.407665
-11.050304,134,277.752995
50.0,2,277.81874
47.352787,9,277.892392
33.94481,58,278.078725
28.177172,64,278.279946
15.019192,75,278.504425
19.171246,95,278.832894
38.222748,24,278.951173
30.08516,39,279.098885
-99.161224,103,279.430735
40.195156,24,279.533685
48.383774,8,279.602552
42.46147,23,279.700454
-64.627045,21,279.797804
44.15071,24,279.905377
16.0476,82,280.180655
28.138521,41,280.34693
-64.24489,44,281.539305
-7.6633415,149,282.019018
-126.56712,123,282.405234
-93.16557,69,282.656135
35.403778,33,282.778666
39.59325,35,282.925418
24.934742,58,283.14263
-83.10957,97,283.454943
-74.25969,65,283.743256
-74.56398,51,283.940892
46.335938,11,284.021345
-63.039658,30,284.163519
14.233372,117,284.547565
33.349358,39,284.706286
49.276394,6,284.775533
41.635967,22,284.917144
22.262993,70,285.151958
27.126863,40,285.31885
26.001587,55,285.503865
31.935457,45,285.7095
39.40806,32,285.846005
26.452164,56,286.039717
45.842503,16,286.136395
49.5,3,286.202421
39.76675,28,286.323304
-78.80651,63,286.513886
34.82437,40,286.680186
14.446102,90,287.00286
19.53165,39,287.160866
36.02033,33,287.30578
32.629623,36,287.448768
23.673174,87,287.706328
-58.880234,21,287.821437
-92.41943,108,288.131377
-112.089005,186,288.622657
33.698982,39,288.791754
-55.15651,12,288.881857
-19.01371,135,290.255807
31.505203,41,290.440758
-119.59414,170,290.9184
26.223974,60,291.108567
41.347874,23,291.21472
-61.37586,11,291.316778
-66.92149,15,291.409435
44.56863,13,291.493213
-50.44142,3,291.557417
-78.2382,58,291.776487
21.558609,80,292.036401
-85.69112,68,292.259016
-36.043022,150,292.626506
8.278709,130,292.968912
-75.73836,43,293.118742
24.8426,53,293.285826
26.956919,49,293.444602
38.15876,43,293.625851
-54.76538,15,293.718854
38.72357,29,293.841295
-64.47661,31,293.963717
-57.716156,14,294.050935
35.715015,39,294.202419
-107.58841,146,294.612658
-80.331924,61,294.831488
39.306908,28,294.94044
38.67643,35,295.097455
-186.73485,293,295.962788
-87.39302,332,298.021622
-88.80038,52,298.300396
-31.728218,235,298.932312
42.975838,26,299.046937
50.0,2,299.100958
-72.93814,40,299.243309
-74.43395,51,299.420885
44.93276,16,299.510112
42.35621,23,299.613218
8.096554,74,299.831479
37.6675,20,299.925001
44.928703,16,300.006671
-99.648605,105,300.297385
-140.8886,200,300.997892
-67.90415,31,301.171941
43.72604,26,301.35238
-13.257408,124,301.824563
34.781456,42,301.97829
23.607828,91,302.571713
50.0,2,302.728495
-28.324196,235,303.470217
-74.39159,30,303.593383
20.325193,71,303.835794
-90.658905,75,304.052892
-151.2847,547,306.383399
48.28377,10,306.475885
-85.93264,71,306.7114
47.869286,14,306.796786
23.724312,63,307.002411
33.48118,47,307.165395
21.333065,75,307.429144
36.02738,37,307.569454
-88.6108,109,307.892014
-52.192715,3,307.950188
20.428797,56,308.129951
35.17103,45,308.341237
-93.07852,44,308.49964
-64.25537,19,308.596674
28.320965,55,308.798265
-60.46148,26,308.907724
-71.5293,33,309.046635
-9.935642,145,309.501026
-100.95145,88,309.788427
-64.4514,29,309.917732
10.185146,104,310.232592
11.421223,107,310.563695
38.80945,18,310.664343
35.400352,30,310.79527
-52.33492,13,310.881593
-86.22502,108,311.232569
32.989075,49,311.412053
-80.37277,76,311.683218
-59.728134,13,311.834341
26.847204,52,312.164651
-52.110527,3,312.296234
-58.410774,25,312.507596
46.186695,18,312.653895
-41.240005,213,313.51974
-72.630005,27,313.645691
43.681744,25,314.950284
46.72033,13,315.068717
-69.3014,26,315.216464
34.16437,35,315.369935
33.58824,30,315.525971
-65.54271,297,316.509412
24.083643,37,316.662318
30.77096,39,316.827005
-60.460396,39,317.040362
-2.2499352,118,317.522682
35.78373,39,317.723643
33.937706,54,317.968158
33.090088,29,318.105385
21.432108,67,318.456109
-75.03568,66,318.739647
-52.180157,5,318.833959
47.875347,10,318.945541
-61.57006,20,319.068964
-72.37928,294,319.913486
-64.20468,26,320.069391
-37.24707,220,321.043848
30.601662,34,321.235752
-105.79324,84,321.551839
-64.238014,22,321.745121
45.90847,16,321.886781
-76.14888,42,322.133021
35.501698,33,322.344701
-17.769234,123,322.705939
-57.802143,32,322.848604
22.684355,84,323.22077
-97.31406,136,326.119324
39.72052,40,326.65752
-63.173744,46,326.987117
8.976994,106,327.72282
49.4,3,327.827358
-169.26498,567,329.904718
20.23076,97,330.383158
36.867874,27,330.545492
24.23871,66,330.829486
21.592937,71,331.056418
-91.27136,80,331.299925
-95.85469,104,331.593338
12.044815,79,331.846924
-43.373795,251,332.574592
-77.10846,61,332.797954
41.979332,24,332.921574
43.932243,16,333.039876
-59.18392,28,333.18958
6.6017036,154,333.677256
43.00888,21,333.789174
-140.97351,183,335.343925
46.00517,14,335.458496
21.447649,92,335.880877
35.231453,35,336.043558
43.786797,15,336.147585
38.526318,25,336.264269
9.769329,62,336.480711
39.674496,23,336.60398
-76.55462,57,336.840972
12.019051,103,337.239747
35.744675,39,337.442987
34.073853,46,337.680725
39.09644,40,337.878753
-76.87192,69,338.156883
32.204414,63,338.424418
-110.764824,77,338.816712
-0.5122986,101,339.266886
17.77547,92,339.650153
5.4801826,113,339.984675
-85.340164,351,340.896957
-65.1828,23,341.022783
-73.49766,75,341.272023
49.9,3,341.334799
28.980118,57,341.524002
37.93401,36,341.693532
34.629116,42,341.867186
47.93497,9,341.949997
41.399094,30,342.087693
-86.76217,54,342.308992
-75.794495,39,342.473462
2.033455,111,342.817615
48.410976,8,342.910335
43.511803,15,343.020367
-73.32526,31,343.166664
37.23438,30,343.308273
33.500076,44,343.466016
-57.468136,13,343.552841
